id,clee,nombre_de_la_unidad_economica,codigo_de_la_clase_actividad_scian,source_folder,categoria_relevancia_ambiental,palabras_clave_detectadas,distancia_hidrografia_m,rango_distancia_hidrografia,latitud,longitud,nota_metodologica
3325813,21074313210000056111000000U9,INDUSTRIAS MAQUIN,313230,agebs\huejotzingo,revisar,,921.240971064623,500-1000 m,19.1613441,-98.39156164,"Priorizacion preliminar por produccion, confeccion, maquila, acabado o lavado textil; se excluye comercio de prendas y no implica evidencia de contaminacion directa."
3325963,21074315225000111000000000U8,SONIA MENDEZ NOVIAS,315225,agebs\huejotzingo,revisar,,1041.6673268475884,>1000 m,19.16396502,-98.40408051,"Priorizacion preliminar por produccion, confeccion, maquila, acabado o lavado textil; se excluye comercio de prendas y no implica evidencia de contaminacion directa."
8271641,21074465915000021010000000U3,CREACIONES MAYRA,315224,agebs\huejotzingo,revisar,,363.02028706415024,250-500 m,19.16529124,-98.40650601,"Priorizacion preliminar por produccion, confeccion, maquila, acabado o lavado textil; se excluye comercio de prendas y no implica evidencia de contaminacion directa."
10118182,21074812210000811000000000U3,CLEAN CLOTHES,812210,agebs\huejotzingo,revisar,,604.9447386743516,500-1000 m,19.14838929,-98.40590617,"Priorizacion preliminar por produccion, confeccion, maquila, acabado o lavado textil; se excluye comercio de prendas y no implica evidencia de contaminacion directa."
10205167,21074313210000083000000000U3,BODEGA PUNTO FINO EN TELAS,313210,agebs\huejotzingo,revisar,,1062.5231882058863,>1000 m,19.16269282,-98.38682009,"Priorizacion preliminar por produccion, confeccion, maquila, acabado o lavado textil; se excluye comercio de prendas y no implica evidencia de contaminacion directa."
10340864,21074812210000731000000000U3,TINTOWASH,812210,agebs\huejotzingo,revisar,,1184.0365846332002,>1000 m,19.16123838,-98.40864821,"Priorizacion preliminar por produccion, confeccion, maquila, acabado o lavado textil; se excluye comercio de prendas y no implica evidencia de contaminacion directa."
6378222,21074315191000014013000000U8,MARTINTER,315122,agebs\huejotzingo,revisar,,1139.9312904544468,>1000 m,19.14389571,-98.38613242,"Priorizacion preliminar por produccion, confeccion, maquila, acabado o lavado textil; se excluye comercio de prendas y no implica evidencia de contaminacion directa."
6380168,21074313113000045001000000U8,VERTICAL SPIN,313112,agebs\huejotzingo,revisar,,339.0207525277182,250-500 m,19.15782475,-98.38511663,"Priorizacion preliminar por produccion, confeccion, maquila, acabado o lavado textil; se excluye comercio de prendas y no implica evidencia de contaminacion directa."
6380169,21074313113000035010000000U9,TRITON INDUSTRIAL,313112,agebs\huejotzingo,revisar,,101.19118992559518,100-250 m,19.16088818,-98.38644329,"Priorizacion preliminar por produccion, confeccion, maquila, acabado o lavado textil; se excluye comercio de prendas y no implica evidencia de contaminacion directa."
6856149,21074315191000026011000000U2,SEAMLESS GLOBAL SOLUTIONS,315122,agebs\huejotzingo,revisar,,1232.9655493201437,>1000 m,19.16263095,-98.38664062,"Priorizacion preliminar por produccion, confeccion, maquila, acabado o lavado textil; se excluye comercio de prendas y no implica evidencia de contaminacion directa."
6874492,21074313240000014000000000U5,TITAN TEXTIL ,313240,agebs\huejotzingo,revisar,textil,582.2260636269618,500-1000 m,19.16048969,-98.38637504,"Priorizacion preliminar por produccion, confeccion, maquila, acabado o lavado textil; se excluye comercio de prendas y no implica evidencia de contaminacion directa."
6874618,21074313112000065100000000U8,HIDRA TEXTIL,313112,agebs\huejotzingo,revisar,textil,806.9482026696959,500-1000 m,19.16038291,-98.38635676,"Priorizacion preliminar por produccion, confeccion, maquila, acabado o lavado textil; se excluye comercio de prendas y no implica evidencia de contaminacion directa."
6875485,21074313112000075002000000U7,GRUPO PORTATEX,313112,agebs\huejotzingo,revisar,,592.7731565464154,500-1000 m,19.16162098,-98.3870298,"Priorizacion preliminar por produccion, confeccion, maquila, acabado o lavado textil; se excluye comercio de prendas y no implica evidencia de contaminacion directa."
8271868,21074315224000011000000000U3,TRAJES DE CARNAVAL LA CASA DEL CARNAVAL,315224,agebs\huejotzingo,revisar,,1141.1324911112138,>1000 m,19.16042259,-98.40712901,"Priorizacion preliminar por produccion, confeccion, maquila, acabado o lavado textil; se excluye comercio de prendas y no implica evidencia de contaminacion directa."
8272057,21074315224000021000000000U2,TRAJES DE CARNAVAL SIN NOMBRE,315224,agebs\huejotzingo,revisar,,674.8507246458815,500-1000 m,19.16808812,-98.40523461,"Priorizacion preliminar por produccion, confeccion, maquila, acabado o lavado textil; se excluye comercio de prendas y no implica evidencia de contaminacion directa."
8559701,21074314993000013000000000U0,FIBRAS TEXTIL NEPTUNO,314993,agebs\huejotzingo,revisar,textil,197.68647711265507,100-250 m,19.16161451,-98.38403303,"Priorizacion preliminar por produccion, confeccion, maquila, acabado o lavado textil; se excluye comercio de prendas y no implica evidencia de contaminacion directa."
9440701,21074313230000023001000000U7,SCHALLSCHUTZ DE MEXICO,313230,agebs\huejotzingo,revisar,,369.7851013485955,250-500 m,19.16272836,-98.37914315,"Priorizacion preliminar por produccion, confeccion, maquila, acabado o lavado textil; se excluye comercio de prendas y no implica evidencia de contaminacion directa."
9522648,21074812210000591000000000U1,TINTOWASH,812210,agebs\huejotzingo,revisar,,105.14881671981743,100-250 m,19.16599298,-98.40553468,"Priorizacion preliminar por produccion, confeccion, maquila, acabado o lavado textil; se excluye comercio de prendas y no implica evidencia de contaminacion directa."
9567689,21060315225000021000000000U8,VESTIDOS DE NOVIA SIN NOMRE,315225,agebs\huejotzingo,revisar,,361.2385113810431,250-500 m,19.14261702,-98.45347723,"Priorizacion preliminar por produccion, confeccion, maquila, acabado o lavado textil; se excluye comercio de prendas y no implica evidencia de contaminacion directa."
9844272,21074314991000333000000000U6,GEMINIS TEXTIL,314991,agebs\huejotzingo,revisar,textil,105.57486391863837,100-250 m,19.15548527,-98.41286449,"Priorizacion preliminar por produccion, confeccion, maquila, acabado o lavado textil; se excluye comercio de prendas y no implica evidencia de contaminacion directa."
10066057,21074315224000102000000000U0,BORDARTE,314991,agebs\huejotzingo,revisar,,315.81044377231575,250-500 m,19.160108,-98.40799474,"Priorizacion preliminar por produccion, confeccion, maquila, acabado o lavado textil; se excluye comercio de prendas y no implica evidencia de contaminacion directa."
10582863,21074313220000025000000000U3,CINTAS Y ETIQUETAS ESPINO,313220,agebs\huejotzingo,revisar,,125.67999974369455,100-250 m,19.16242646,-98.37899739,"Priorizacion preliminar por produccion, confeccion, maquila, acabado o lavado textil; se excluye comercio de prendas y no implica evidencia de contaminacion directa."
10597677,21074313240000023000000000U6,BEKAERTDESLEE,313240,agebs\huejotzingo,revisar,,241.09261209002366,100-250 m,19.17966759,-98.37502579,"Priorizacion preliminar por produccion, confeccion, maquila, acabado o lavado textil; se excluye comercio de prendas y no implica evidencia de contaminacion directa."
10978442,21074812210000741000000000U2,MAGIC WASH SERVICIOS,812210,agebs\huejotzingo,revisar,,754.4336315324291,500-1000 m,19.14958454,-98.40537115,"Priorizacion preliminar por produccion, confeccion, maquila, acabado o lavado textil; se excluye comercio de prendas y no implica evidencia de contaminacion directa."
11095597,21074315224000091000000000U5,MASCARAS DE CARNAVAL,315224,agebs\huejotzingo,revisar,,51.536118971083646,0-100 m,19.15676224,-98.41094181,"Priorizacion preliminar por produccion, confeccion, maquila, acabado o lavado textil; se excluye comercio de prendas y no implica evidencia de contaminacion directa."
11484735,21074313111000021000000000U3,CASA OLIVER,313111,agebs\huejotzingo,revisar,,307.29928807558366,250-500 m,19.16097359,-98.4070651,"Priorizacion preliminar por produccion, confeccion, maquila, acabado o lavado textil; se excluye comercio de prendas y no implica evidencia de contaminacion directa."
11488206,21074315121000023000000000U6,BONETERA DE PUEBLA SAN JOSE,315121,agebs\huejotzingo,revisar,,39.38290354228654,0-100 m,19.14630178,-98.38867009,"Priorizacion preliminar por produccion, confeccion, maquila, acabado o lavado textil; se excluye comercio de prendas y no implica evidencia de contaminacion directa."
11620168,21074315224000081000000000U6,ARTESANIAS PARA CARNAVAL SIN NOMBRE,315224,agebs\huejotzingo,revisar,,454.55666820531616,250-500 m,19.16739713,-98.40361347,"Priorizacion preliminar por produccion, confeccion, maquila, acabado o lavado textil; se excluye comercio de prendas y no implica evidencia de contaminacion directa."
11827938,21074313210000105000000000U4,INDORAMA VENTURES MOBILITY PUEBLA,313210,agebs\huejotzingo,revisar,,211.67224426260253,100-250 m,19.15856927,-98.37948213,"Priorizacion preliminar por produccion, confeccion, maquila, acabado o lavado textil; se excluye comercio de prendas y no implica evidencia de contaminacion directa."
6271697,21132313210000016102003933S9,FABRICA DE SAN MARTIN,313210,agebs\san_martin,revisar,,395.4139758581218,250-500 m,19.29210931,-98.44304428,"Priorizacion preliminar por produccion, confeccion, maquila, acabado o lavado textil; se excluye comercio de prendas y no implica evidencia de contaminacion directa."
7536246,21143314912000011000000000U7,LONAS Y LUMINOSOS KENIA,314912,agebs\san_martin,revisar,,359.4030525006756,250-500 m,19.30979736,-98.48354746,"Priorizacion preliminar por produccion, confeccion, maquila, acabado o lavado textil; se excluye comercio de prendas y no implica evidencia de contaminacion directa."
8787568,29019315229000601000000000U7,COSTUREROS SIN NOMBRE,315229,agebs\san_martin,revisar,,711.8728355839531,500-1000 m,19.27010976,-98.3846676,"Priorizacion preliminar por produccion, confeccion, maquila, acabado o lavado textil; se excluye comercio de prendas y no implica evidencia de contaminacion directa."
9176687,21132315223000301000000000U6,COMPOSTURAS DE ROPA SIN NOMBRE,315223,agebs\san_martin,revisar,,150.22052132002392,100-250 m,19.28815838,-98.42650105,"Priorizacion preliminar por produccion, confeccion, maquila, acabado o lavado textil; se excluye comercio de prendas y no implica evidencia de contaminacion directa."
9329155,29019812210000381010000000U4,PLANCHADURIA,315229,agebs\san_martin,revisar,,222.77620841345762,100-250 m,19.28159353,-98.3957077,"Priorizacion preliminar por produccion, confeccion, maquila, acabado o lavado textil; se excluye comercio de prendas y no implica evidencia de contaminacion directa."
9667233,21132315225000931000000000U5,CYAN COMPANY,315225,agebs\san_martin,revisar,,584.2481742729362,500-1000 m,19.27847,-98.41801427,"Priorizacion preliminar por produccion, confeccion, maquila, acabado o lavado textil; se excluye comercio de prendas y no implica evidencia de contaminacion directa."
9925244,29019314991000071000000000U9,DISEÑOS DE AMOR,314991,agebs\san_martin,revisar,,699.2065962223819,500-1000 m,19.2848487,-98.39822386,"Priorizacion preliminar por produccion, confeccion, maquila, acabado o lavado textil; se excluye comercio de prendas y no implica evidencia de contaminacion directa."
10778198,21132315221000021000000000U4,PIJAMA OOUCH,315221,agebs\san_martin,revisar,,303.7160988032551,250-500 m,19.2887342,-98.46594532,"Priorizacion preliminar por produccion, confeccion, maquila, acabado o lavado textil; se excluye comercio de prendas y no implica evidencia de contaminacion directa."
11161213,21132315229004631000000000U9,PLAYERA BONITA THE SHISTS NICE,315229,agebs\san_martin,revisar,,618.6555335269093,500-1000 m,19.28132185,-98.44226692,"Priorizacion preliminar por produccion, confeccion, maquila, acabado o lavado textil; se excluye comercio de prendas y no implica evidencia de contaminacion directa."
11430400,21132812210001161000000000U8,SERVICLEAN,812210,agebs\san_martin,revisar,,268.7152505527339,250-500 m,19.28668892,-98.43755143,"Priorizacion preliminar por produccion, confeccion, maquila, acabado o lavado textil; se excluye comercio de prendas y no implica evidencia de contaminacion directa."
11477163,29019432111000071000000000U1,K-POTEX DISTRIBUIDOR TEXTIL,432111,agebs\san_martin,revisar,textil,599.2758068777526,500-1000 m,19.28246887,-98.39796648,"Priorizacion preliminar por produccion, confeccion, maquila, acabado o lavado textil; se excluye comercio de prendas y no implica evidencia de contaminacion directa."
11590807,29019315225000101000000000U6,ARMADO DE SUDADERA SIN NOMBRE,315225,agebs\san_martin,revisar,,385.91486200577083,250-500 m,19.28097558,-98.39115614,"Priorizacion preliminar por produccion, confeccion, maquila, acabado o lavado textil; se excluye comercio de prendas y no implica evidencia de contaminacion directa."
3264233,21132315229000341000000000U9,NOVIAS DE ANDYS,315229,agebs\san_martin,revisar,,644.7983270831284,500-1000 m,19.28381129,-98.43463401,"Priorizacion preliminar por produccion, confeccion, maquila, acabado o lavado textil; se excluye comercio de prendas y no implica evidencia de contaminacion directa."
3273655,21132315229002402000000000U7,COSTURERO SIN NOMBRE,315229,agebs\san_martin,revisar,,23.118468208725258,0-100 m,19.27342916,-98.4074254,"Priorizacion preliminar por produccion, confeccion, maquila, acabado o lavado textil; se excluye comercio de prendas y no implica evidencia de contaminacion directa."
3273661,21132315229000221000000000U3,COSTURERO SIN NOMBRE,315229,agebs\san_martin,revisar,,527.0121935064149,500-1000 m,19.27253528,-98.40871819,"Priorizacion preliminar por produccion, confeccion, maquila, acabado o lavado textil; se excluye comercio de prendas y no implica evidencia de contaminacion directa."
3320469,21132811499000691010000000U5,COSER ROPA SIN NOMBRE,315229,agebs\san_martin,revisar,,364.4278740177259,250-500 m,19.2979884,-98.47225307,"Priorizacion preliminar por produccion, confeccion, maquila, acabado o lavado textil; se excluye comercio de prendas y no implica evidencia de contaminacion directa."
3321908,21132315229002911002000000U7,GRUPO FREVANY,315229,agebs\san_martin,revisar,,690.4734296714319,500-1000 m,19.29127398,-98.45226588,"Priorizacion preliminar por produccion, confeccion, maquila, acabado o lavado textil; se excluye comercio de prendas y no implica evidencia de contaminacion directa."
3322152,21132465211000651010000000U7,ARTESANIAS SIN NOMBRE,314991,agebs\san_martin,revisar,,585.1094337133537,500-1000 m,19.26349374,-98.40927277,"Priorizacion preliminar por produccion, confeccion, maquila, acabado o lavado textil; se excluye comercio de prendas y no implica evidencia de contaminacion directa."
3323737,21132315223000051100000000U7,UNIFORMES DEPORTIVOS DATEPA,315223,agebs\san_martin,revisar,,559.0368302009772,500-1000 m,19.27883531,-98.44723656,"Priorizacion preliminar por produccion, confeccion, maquila, acabado o lavado textil; se excluye comercio de prendas y no implica evidencia de contaminacion directa."
3324344,21132315229002941000000000U4,COSTURERO PARA TERCEROS,315229,agebs\san_martin,revisar,,517.9733463311026,500-1000 m,19.28292186,-98.41616239,"Priorizacion preliminar por produccion, confeccion, maquila, acabado o lavado textil; se excluye comercio de prendas y no implica evidencia de contaminacion directa."
4185239,29019812210000171000000000U9,PLANCHADURIA,812210,agebs\san_martin,revisar,,401.0330293586992,250-500 m,19.27838887,-98.39418281,"Priorizacion preliminar por produccion, confeccion, maquila, acabado o lavado textil; se excluye comercio de prendas y no implica evidencia de contaminacion directa."
6405915,29015313210000016001000000U8,POLITEL,313210,agebs\san_martin,revisar,,329.52717220148594,250-500 m,19.31328784,-98.38636114,"Priorizacion preliminar por produccion, confeccion, maquila, acabado o lavado textil; se excluye comercio de prendas y no implica evidencia de contaminacion directa."
7582895,21132315225000591000000000U7,COMPOSTURAS DE PRENDAS DE VESTIR,315225,agebs\san_martin,revisar,,614.1617418672181,500-1000 m,19.28425793,-98.45009233,"Priorizacion preliminar por produccion, confeccion, maquila, acabado o lavado textil; se excluye comercio de prendas y no implica evidencia de contaminacion directa."
7583005,21132812210000721000000000U0,HIPERCLEAN,812210,agebs\san_martin,revisar,,184.2610883111232,100-250 m,19.28642501,-98.44478408,"Priorizacion preliminar por produccion, confeccion, maquila, acabado o lavado textil; se excluye comercio de prendas y no implica evidencia de contaminacion directa."
7583210,21132315225000611000000000U3,GALI DE MEXICO,315225,agebs\san_martin,revisar,,486.02337090517636,250-500 m,19.28928052,-98.43309813,"Priorizacion preliminar por produccion, confeccion, maquila, acabado o lavado textil; se excluye comercio de prendas y no implica evidencia de contaminacion directa."
8125957,29019812210000311100000000U1,SERVICIO DE PLANCHADURIA,812210,agebs\san_martin,revisar,,37.649648070762694,0-100 m,19.27948434,-98.39485024,"Priorizacion preliminar por produccion, confeccion, maquila, acabado o lavado textil; se excluye comercio de prendas y no implica evidencia de contaminacion directa."
8560193,21132315224000011000000000U9,TRAJES DE CARNAVAL SIN NOMBRE,315224,agebs\san_martin,revisar,,18.054003518271344,0-100 m,19.26865071,-98.43722195,"Priorizacion preliminar por produccion, confeccion, maquila, acabado o lavado textil; se excluye comercio de prendas y no implica evidencia de contaminacion directa."
8776893,21132314912000031000000000U8,LONAS CHIQUIS,314912,agebs\san_martin,revisar,,379.33000990834734,250-500 m,19.28951041,-98.41787373,"Priorizacion preliminar por produccion, confeccion, maquila, acabado o lavado textil; se excluye comercio de prendas y no implica evidencia de contaminacion directa."
8777500,21132315225000751010000000U7,MAQUILERO SIN NOMBRE,315229,agebs\san_martin,revisar,,359.4474905514942,250-500 m,19.28818892,-98.43799477,"Priorizacion preliminar por produccion, confeccion, maquila, acabado o lavado textil; se excluye comercio de prendas y no implica evidencia de contaminacion directa."
9398880,29015812210000113000053895S9,LAVARTEX TLAXCALA,812210,agebs\san_martin,revisar,,265.95149923315563,250-500 m,19.31064033,-98.39251059,"Priorizacion preliminar por produccion, confeccion, maquila, acabado o lavado textil; se excluye comercio de prendas y no implica evidencia de contaminacion directa."
9877139,21132315225000811000000000U9,COSTURERIA SIN NOMBRE,315225,agebs\san_martin,revisar,,337.2115192398897,250-500 m,19.28137885,-98.42066995,"Priorizacion preliminar por produccion, confeccion, maquila, acabado o lavado textil; se excluye comercio de prendas y no implica evidencia de contaminacion directa."
10095612,29019812210000511000000000U6,PLANCHADURIA SIN NOMBRE,812210,agebs\san_martin,revisar,,688.3340104306304,500-1000 m,19.27695137,-98.39071184,"Priorizacion preliminar por produccion, confeccion, maquila, acabado o lavado textil; se excluye comercio de prendas y no implica evidencia de contaminacion directa."
10194425,21132315229004361000000000U3,COSTURERO A TERCEROS SIN NOMBRE,315229,agebs\san_martin,revisar,,301.70191105703896,250-500 m,19.28139061,-98.41504036,"Priorizacion preliminar por produccion, confeccion, maquila, acabado o lavado textil; se excluye comercio de prendas y no implica evidencia de contaminacion directa."
10283642,29019812210000521000000000U5,SERVICIO DE PLANCHADO,812210,agebs\san_martin,revisar,,318.15922515765686,250-500 m,19.2797789,-98.39564524,"Priorizacion preliminar por produccion, confeccion, maquila, acabado o lavado textil; se excluye comercio de prendas y no implica evidencia de contaminacion directa."
10287094,21132315229004251000000000U6,IMPRESIONES AGUILAR,315229,agebs\san_martin,revisar,,769.4965481548815,500-1000 m,19.29361113,-98.46651092,"Priorizacion preliminar por produccion, confeccion, maquila, acabado o lavado textil; se excluye comercio de prendas y no implica evidencia de contaminacion directa."
10306393,29019315229001191000000000U8,PLANCHADURIA SIN NOMBRE,315229,agebs\san_martin,revisar,,240.73886815565984,100-250 m,19.28099056,-98.39633592,"Priorizacion preliminar por produccion, confeccion, maquila, acabado o lavado textil; se excluye comercio de prendas y no implica evidencia de contaminacion directa."
10376182,21132314120000221000000000U5,DECORACION DE CORTINAS CREACIONES CESARS EXHIBICION,314120,agebs\san_martin,revisar,,181.75719703091505,100-250 m,19.29220047,-98.44853963,"Priorizacion preliminar por produccion, confeccion, maquila, acabado o lavado textil; se excluye comercio de prendas y no implica evidencia de contaminacion directa."
10686262,21132315229005073000000000U3,FABRICA DE ROPA DE BEBE MARY BABY,315229,agebs\san_martin,revisar,,385.91486200577083,250-500 m,19.29309033,-98.45932159,"Priorizacion preliminar por produccion, confeccion, maquila, acabado o lavado textil; se excluye comercio de prendas y no implica evidencia de contaminacion directa."
10747743,21132315223000391000000000U7,COSTURERO A TERCEROS SIN NOMBRE,315229,agebs\san_martin,revisar,,280.7825815057725,250-500 m,19.28142673,-98.41477167,"Priorizacion preliminar por produccion, confeccion, maquila, acabado o lavado textil; se excluye comercio de prendas y no implica evidencia de contaminacion directa."
10947291,21132315229004792000000000U9,DOVIQUER,315229,agebs\san_martin,revisar,,644.6986009337726,500-1000 m,19.29086845,-98.45148953,"Priorizacion preliminar por produccion, confeccion, maquila, acabado o lavado textil; se excluye comercio de prendas y no implica evidencia de contaminacion directa."
11126971,21132315229004501000000000U4,COSTURERO A TERCEROS SIN NOMBRE,315229,agebs\san_martin,revisar,,327.9707056506964,250-500 m,19.28203879,-98.41452531,"Priorizacion preliminar por produccion, confeccion, maquila, acabado o lavado textil; se excluye comercio de prendas y no implica evidencia de contaminacion directa."
11154016,21143812210000071000000000U7,ACTIVIDADES DENTRO DE LA VIVIENDA,812210,agebs\san_martin,revisar,,378.7943183836415,250-500 m,19.30560952,-98.478712,"Priorizacion preliminar por produccion, confeccion, maquila, acabado o lavado textil; se excluye comercio de prendas y no implica evidencia de contaminacion directa."
11162688,21132315223000441000000000U0,COSTUREROS A TERCEROS SIN NOMBRE,315225,agebs\san_martin,revisar,,400.81689631584607,250-500 m,19.28243119,-98.41579155,"Priorizacion preliminar por produccion, confeccion, maquila, acabado o lavado textil; se excluye comercio de prendas y no implica evidencia de contaminacion directa."
11319881,21132315225000881000000000U2,COSTURERIA SIN NOMBRE,315225,agebs\san_martin,revisar,,429.71573125792435,250-500 m,19.28103146,-98.41848506,"Priorizacion preliminar por produccion, confeccion, maquila, acabado o lavado textil; se excluye comercio de prendas y no implica evidencia de contaminacion directa."
11589651,21132315223000471000000000U7,COSTURERO SIN NOMBRE,315223,agebs\san_martin,revisar,,545.658621868372,500-1000 m,19.2803483,-98.4154286,"Priorizacion preliminar por produccion, confeccion, maquila, acabado o lavado textil; se excluye comercio de prendas y no implica evidencia de contaminacion directa."
3260746,21132315223000031000000000U9,UNIFORMES DEPORTIVOS OLIMPIA,315223,agebs\san_martin,revisar,,519.1349555904076,500-1000 m,19.27932552,-98.4386266,"Priorizacion preliminar por produccion, confeccion, maquila, acabado o lavado textil; se excluye comercio de prendas y no implica evidencia de contaminacion directa."
3262975,21132315229002703001000000U8,GRUPO FREVANY,315229,agebs\san_martin,revisar,,447.3952236063821,250-500 m,19.28969584,-98.43821155,"Priorizacion preliminar por produccion, confeccion, maquila, acabado o lavado textil; se excluye comercio de prendas y no implica evidencia de contaminacion directa."
3263076,21132314120000031000000000U8,CORTINAS Y DECORACIONES OSCAR,314120,agebs\san_martin,revisar,,164.31128609584673,100-250 m,19.28696153,-98.44079974,"Priorizacion preliminar por produccion, confeccion, maquila, acabado o lavado textil; se excluye comercio de prendas y no implica evidencia de contaminacion directa."
3263381,21132315225000211010000000U2,NOVIAS KARLA,315229,agebs\san_martin,revisar,,304.9478644352057,250-500 m,19.28370818,-98.43395994,"Priorizacion preliminar por produccion, confeccion, maquila, acabado o lavado textil; se excluye comercio de prendas y no implica evidencia de contaminacion directa."
3264056,21132561432001211010000000U4,DCREATEX COMERCIALIZADORA TEXTIL Y PUBLICIDAD,323119,agebs\san_martin,revisar,textil,779.7022693739237,500-1000 m,19.28727858,-98.43525728,"Priorizacion preliminar por produccion, confeccion, maquila, acabado o lavado textil; se excluye comercio de prendas y no implica evidencia de contaminacion directa."
3269804,21132314991000112000000000U0,COSTURERO SIN NOMBRE,314991,agebs\san_martin,revisar,,171.9444918319516,100-250 m,19.28027601,-98.41544836,"Priorizacion preliminar por produccion, confeccion, maquila, acabado o lavado textil; se excluye comercio de prendas y no implica evidencia de contaminacion directa."
3273665,21132315229002232000000000U8,COSTURERO SIN NOMBRE,315229,agebs\san_martin,revisar,,194.67903736364795,100-250 m,19.27283355,-98.40919604,"Priorizacion preliminar por produccion, confeccion, maquila, acabado o lavado textil; se excluye comercio de prendas y no implica evidencia de contaminacion directa."
3320182,21143315991000013002000000U6,FABRICA DE GORRAS Y UNIFORMES GASI,315991,agebs\san_martin,revisar,,1075.7726533730327,>1000 m,19.30822969,-98.48284662,"Priorizacion preliminar por produccion, confeccion, maquila, acabado o lavado textil; se excluye comercio de prendas y no implica evidencia de contaminacion directa."
3321778,21132811499000551010000000U1,COSTUREROS SIN NOMBRE,315225,agebs\san_martin,revisar,,169.81670886367002,100-250 m,19.28995866,-98.46411975,"Priorizacion preliminar por produccion, confeccion, maquila, acabado o lavado textil; se excluye comercio de prendas y no implica evidencia de contaminacion directa."
3324123,21132315225000441000000000U5,CREACIONES ROSY,315225,agebs\san_martin,revisar,,134.4334480034459,100-250 m,19.28366246,-98.4336739,"Priorizacion preliminar por produccion, confeccion, maquila, acabado o lavado textil; se excluye comercio de prendas y no implica evidencia de contaminacion directa."
3324789,21132315229003293000000000U9,HERMANOS ROMERO,315229,agebs\san_martin,revisar,,588.2157384994739,500-1000 m,19.27811558,-98.44247159,"Priorizacion preliminar por produccion, confeccion, maquila, acabado o lavado textil; se excluye comercio de prendas y no implica evidencia de contaminacion directa."
3411772,21132463211000691021000000U5,PLAYERAS KALUS,315229,agebs\san_martin,revisar,,257.1280881632171,250-500 m,19.28688772,-98.4660331,"Priorizacion preliminar por produccion, confeccion, maquila, acabado o lavado textil; se excluye comercio de prendas y no implica evidencia de contaminacion directa."
4146345,29019812210000111000000000U5,PLANCHADURIA SIN NOMBRE,812210,agebs\san_martin,revisar,,699.1684338070042,500-1000 m,19.28031164,-98.39443549,"Priorizacion preliminar por produccion, confeccion, maquila, acabado o lavado textil; se excluye comercio de prendas y no implica evidencia de contaminacion directa."
4185160,29019432111000012001000000U5,TEXTILES BETEX,432111,agebs\san_martin,revisar,textiles,508.37738759930966,500-1000 m,19.28359445,-98.40060152,"Priorizacion preliminar por produccion, confeccion, maquila, acabado o lavado textil; se excluye comercio de prendas y no implica evidencia de contaminacion directa."
6378165,21132315229002885002000000U3,PLAYERAS KALUS,315229,agebs\san_martin,revisar,,385.91486200577083,250-500 m,19.28592366,-98.46626808,"Priorizacion preliminar por produccion, confeccion, maquila, acabado o lavado textil; se excluye comercio de prendas y no implica evidencia de contaminacion directa."
6406480,29019313210000011000012189M1,INDUSTRIAL TEXTIL DE PUEBLA,313210,agebs\san_martin,revisar,textil,20.810824026193384,0-100 m,19.29623138,-98.39827775,"Priorizacion preliminar por produccion, confeccion, maquila, acabado o lavado textil; se excluye comercio de prendas y no implica evidencia de contaminacion directa."
7536382,21132315225000571000000000U9,SE HACE Y SE PEGA BOTON,315225,agebs\san_martin,revisar,,139.61930455931002,100-250 m,19.28627505,-98.47044931,"Priorizacion preliminar por produccion, confeccion, maquila, acabado o lavado textil; se excluye comercio de prendas y no implica evidencia de contaminacion directa."
7583401,21132812210000781000000000U4,MAXI CLEAN,812210,agebs\san_martin,revisar,,6.479976602325017,0-100 m,19.28058431,-98.44960573,"Priorizacion preliminar por produccion, confeccion, maquila, acabado o lavado textil; se excluye comercio de prendas y no implica evidencia de contaminacion directa."
7583436,21132315229003713000000000U6,FABRICA DE ROPA DE NIÑO COQUETA,315229,agebs\san_martin,revisar,,285.9295551075817,250-500 m,19.29981153,-98.47259161,"Priorizacion preliminar por produccion, confeccion, maquila, acabado o lavado textil; se excluye comercio de prendas y no implica evidencia de contaminacion directa."
7583600,21132315229003762011000000U3,BODEGA,315223,agebs\san_martin,revisar,,777.5220834689346,500-1000 m,19.28841024,-98.437236,"Priorizacion preliminar por produccion, confeccion, maquila, acabado o lavado textil; se excluye comercio de prendas y no implica evidencia de contaminacion directa."
8076933,21132315223000241000000000U4,ROPA PARA UNIFORMES,315223,agebs\san_martin,revisar,,271.5994973404941,250-500 m,19.28457558,-98.44164905,"Priorizacion preliminar por produccion, confeccion, maquila, acabado o lavado textil; se excluye comercio de prendas y no implica evidencia de contaminacion directa."
8077429,21132812210000981000000000U0,LUCERAMIC,812210,agebs\san_martin,revisar,,171.31167762625893,100-250 m,19.28180271,-98.4305507,"Priorizacion preliminar por produccion, confeccion, maquila, acabado o lavado textil; se excluye comercio de prendas y no implica evidencia de contaminacion directa."
8120125,21132313320000011000000000U7,LONAS Y TOLDOS G M,313320,agebs\san_martin,revisar,,365.6508616624721,250-500 m,19.27700139,-98.43174044,"Priorizacion preliminar por produccion, confeccion, maquila, acabado o lavado textil; se excluye comercio de prendas y no implica evidencia de contaminacion directa."
8120474,21132315110000012010000000U8,FABRICA DE CALCETIN,315121,agebs\san_martin,revisar,,66.60518328420117,0-100 m,19.26377251,-98.44819341,"Priorizacion preliminar por produccion, confeccion, maquila, acabado o lavado textil; se excluye comercio de prendas y no implica evidencia de contaminacion directa."
8125536,29019812210000291000000000U5,SERVICIO DE PLANCHADO SIN NOMBRE,812210,agebs\san_martin,revisar,,953.5495531668407,500-1000 m,19.27562368,-98.39046866,"Priorizacion preliminar por produccion, confeccion, maquila, acabado o lavado textil; se excluye comercio de prendas y no implica evidencia de contaminacion directa."
8125956,29019812210000301100000000U2,PLANCHADURIA Y OJAL DE BOTELLA,812210,agebs\san_martin,revisar,,407.3914405662729,250-500 m,19.28138162,-98.39798726,"Priorizacion preliminar por produccion, confeccion, maquila, acabado o lavado textil; se excluye comercio de prendas y no implica evidencia de contaminacion directa."
8125963,29019812210000341000000000U8,PLANCHADURIA SIN NOMBRE,812210,agebs\san_martin,revisar,,123.97929991706916,100-250 m,19.27889584,-98.39621243,"Priorizacion preliminar por produccion, confeccion, maquila, acabado o lavado textil; se excluye comercio de prendas y no implica evidencia de contaminacion directa."
8126015,29019812210000352001000000U5,PLANCHADURIA SIN NOMBRE,812210,agebs\san_martin,revisar,,321.6692433909462,250-500 m,19.27958514,-98.39329875,"Priorizacion preliminar por produccion, confeccion, maquila, acabado o lavado textil; se excluye comercio de prendas y no implica evidencia de contaminacion directa."
8126354,29019313310000052000000000U3,PROCESOS EL GATO,313310,agebs\san_martin,revisar,,264.07814754042977,250-500 m,19.28252885,-98.39486495,"Priorizacion preliminar por produccion, confeccion, maquila, acabado o lavado textil; se excluye comercio de prendas y no implica evidencia de contaminacion directa."
8559241,21132314120000061000000000U5,LA CASA DE TOÑA REPARACION DE ROPA,314120,agebs\san_martin,revisar,,262.9171918916888,250-500 m,19.30153574,-98.45542771,"Priorizacion preliminar por produccion, confeccion, maquila, acabado o lavado textil; se excluye comercio de prendas y no implica evidencia de contaminacion directa."
9647097,21132315229004321000000000U7,CORTE DE TELA SIN NOMBRE,315229,agebs\san_martin,revisar,,298.65237003204356,250-500 m,19.28704514,-98.45130947,"Priorizacion preliminar por produccion, confeccion, maquila, acabado o lavado textil; se excluye comercio de prendas y no implica evidencia de contaminacion directa."
9726139,21132812210001241000000000U8,LAVA EXPRESS,812210,agebs\san_martin,revisar,,188.25827730028274,100-250 m,19.27734833,-98.43350453,"Priorizacion preliminar por produccion, confeccion, maquila, acabado o lavado textil; se excluye comercio de prendas y no implica evidencia de contaminacion directa."
9936813,21132315223000591000000000U2,COSTURERO SIN NOMBRE,315229,agebs\san_martin,revisar,,425.95855083155493,250-500 m,19.27994817,-98.41655241,"Priorizacion preliminar por produccion, confeccion, maquila, acabado o lavado textil; se excluye comercio de prendas y no implica evidencia de contaminacion directa."
9957793,29019812210000501000000000U7,SERVICIO DE PLANCHADO SIN NOMBRE,812210,agebs\san_martin,revisar,,628.9254923677207,500-1000 m,19.27964248,-98.39519043,"Priorizacion preliminar por produccion, confeccion, maquila, acabado o lavado textil; se excluye comercio de prendas y no implica evidencia de contaminacion directa."
10017062,21132315223000581000000000U3,COSTUREROS A TERCEROS SIN NOMBRE,315229,agebs\san_martin,revisar,,696.5530754229948,500-1000 m,19.28203879,-98.41452531,"Priorizacion preliminar por produccion, confeccion, maquila, acabado o lavado textil; se excluye comercio de prendas y no implica evidencia de contaminacion directa."
10026284,21132315229004651000000000U7,COSTURERO A TERCEROS SIN NOMBRE,315229,agebs\san_martin,revisar,,269.7983596772285,250-500 m,19.28192856,-98.41596898,"Priorizacion preliminar por produccion, confeccion, maquila, acabado o lavado textil; se excluye comercio de prendas y no implica evidencia de contaminacion directa."
10077720,21132315223000351000000000U1,COSTURERO JOSE DOMINGUEZ RODRIGUEZ,315225,agebs\san_martin,revisar,,661.8902861507908,500-1000 m,19.28129935,-98.41506592,"Priorizacion preliminar por produccion, confeccion, maquila, acabado o lavado textil; se excluye comercio de prendas y no implica evidencia de contaminacion directa."
10106749,21132315223000661000000000U3,COSTURERO A TERCEROS SIN NOMBRE,315225,agebs\san_martin,revisar,,545.2795771258562,500-1000 m,19.28143117,-98.41500099,"Priorizacion preliminar por produccion, confeccion, maquila, acabado o lavado textil; se excluye comercio de prendas y no implica evidencia de contaminacion directa."
10526395,21132315225000841000000000U6,COSTURERIA SIN NOMBRE,315225,agebs\san_martin,revisar,,331.2759603610203,250-500 m,19.28209259,-98.42062388,"Priorizacion preliminar por produccion, confeccion, maquila, acabado o lavado textil; se excluye comercio de prendas y no implica evidencia de contaminacion directa."
10796420,21132315225000861000000000U4,REPARACION DE ROPA,315225,agebs\san_martin,revisar,,189.11532419453764,100-250 m,19.2914941,-98.43343657,"Priorizacion preliminar por produccion, confeccion, maquila, acabado o lavado textil; se excluye comercio de prendas y no implica evidencia de contaminacion directa."
10855322,21132315225000781000000000U4,COSTURERIA SIN NOMBRE,315225,agebs\san_martin,revisar,,47.51589627276338,0-100 m,19.27860593,-98.42029285,"Priorizacion preliminar por produccion, confeccion, maquila, acabado o lavado textil; se excluye comercio de prendas y no implica evidencia de contaminacion directa."
10859241,21132812210001181000000000U6,LA BURBUJITA,812210,agebs\san_martin,revisar,,141.70118314461334,100-250 m,19.27271438,-98.4591741,"Priorizacion preliminar por produccion, confeccion, maquila, acabado o lavado textil; se excluye comercio de prendas y no implica evidencia de contaminacion directa."
10879045,21132314912000041000000000U7,LONAS GALI,314912,agebs\san_martin,revisar,,487.32314272783555,250-500 m,19.27734833,-98.43350453,"Priorizacion preliminar por produccion, confeccion, maquila, acabado o lavado textil; se excluye comercio de prendas y no implica evidencia de contaminacion directa."
10893825,21132315229004601000000000U2,COSTURERO A TERCEROS SIN NOMBRE,315229,agebs\san_martin,revisar,,67.64718883838799,0-100 m,19.28141335,-98.41488651,"Priorizacion preliminar por produccion, confeccion, maquila, acabado o lavado textil; se excluye comercio de prendas y no implica evidencia de contaminacion directa."
10936997,29019315229001121000000000U5,ARMADO DE BLUSA PARA DAMA,315229,agebs\san_martin,revisar,,294.5121438774089,250-500 m,19.27170883,-98.38265058,"Priorizacion preliminar por produccion, confeccion, maquila, acabado o lavado textil; se excluye comercio de prendas y no implica evidencia de contaminacion directa."
10961007,29019315229001201000000000U5,MC BROTRERS,315229,agebs\san_martin,revisar,,729.1045369611293,500-1000 m,19.29255063,-98.39886687,"Priorizacion preliminar por produccion, confeccion, maquila, acabado o lavado textil; se excluye comercio de prendas y no implica evidencia de contaminacion directa."
11202038,21132812210001421000000000U6,TRAPITOS AL SOL,812210,agebs\san_martin,revisar,,192.9309574894128,100-250 m,19.28497891,-98.44301781,"Priorizacion preliminar por produccion, confeccion, maquila, acabado o lavado textil; se excluye comercio de prendas y no implica evidencia de contaminacion directa."
11233532,21132812210001401000000000U8,AMOR CUCHI,812210,agebs\san_martin,revisar,,757.1612689489868,500-1000 m,19.28770216,-98.43172872,"Priorizacion preliminar por produccion, confeccion, maquila, acabado o lavado textil; se excluye comercio de prendas y no implica evidencia de contaminacion directa."
11347848,21132315229005061000000000U8,ATELIER DESING,315229,agebs\san_martin,revisar,,281.0820454261957,250-500 m,19.28381986,-98.43469131,"Priorizacion preliminar por produccion, confeccion, maquila, acabado o lavado textil; se excluye comercio de prendas y no implica evidencia de contaminacion directa."
11372159,21132315225000891000000000U1,COSTURERIA SIN NOMBRE,315225,agebs\san_martin,revisar,,229.23460398832592,100-250 m,19.28296385,-98.41758255,"Priorizacion preliminar por produccion, confeccion, maquila, acabado o lavado textil; se excluye comercio de prendas y no implica evidencia de contaminacion directa."
11372930,21132314120000171000000000U2,CREACIONES GAROS,314120,agebs\san_martin,revisar,,453.61837478581526,250-500 m,19.27400062,-98.45744681,"Priorizacion preliminar por produccion, confeccion, maquila, acabado o lavado textil; se excluye comercio de prendas y no implica evidencia de contaminacion directa."
11464962,21132315225000801000000000U0,COSTURERIA SIN NOMBRE,315225,agebs\san_martin,revisar,,417.54638661105383,250-500 m,19.2787902,-98.42084443,"Priorizacion preliminar por produccion, confeccion, maquila, acabado o lavado textil; se excluye comercio de prendas y no implica evidencia de contaminacion directa."
11663310,21132315225000871000000000U3,COSTURERIA SIN NOMBRE,315225,agebs\san_martin,revisar,,291.3170417754029,250-500 m,19.28398198,-98.41622241,"Priorizacion preliminar por produccion, confeccion, maquila, acabado o lavado textil; se excluye comercio de prendas y no implica evidencia de contaminacion directa."
11816167,29019812210000542000000000U1,PLANCHADURIA SIN NOMBRE,812210,agebs\san_martin,revisar,,98.37510921040301,0-100 m,19.27877683,-98.3935709,"Priorizacion preliminar por produccion, confeccion, maquila, acabado o lavado textil; se excluye comercio de prendas y no implica evidencia de contaminacion directa."
12317062,29015812210000161000053895S8,LAVARTEX TLAXCALA,812210,agebs\san_martin,revisar,,128.3464403622314,100-250 m,19.31148051,-98.39160091,"Priorizacion preliminar por produccion, confeccion, maquila, acabado o lavado textil; se excluye comercio de prendas y no implica evidencia de contaminacion directa."
11696705,29019313310000071000000000U3,ARMADO DE ROPA PARA DAMA SIN NOMBRE,315229,agebs\san_martin,revisar,,438.69080324413306,250-500 m,19.27192344,-98.38132896,"Priorizacion preliminar por produccion, confeccion, maquila, acabado o lavado textil; se excluye comercio de prendas y no implica evidencia de contaminacion directa."
3326133,21074315229001451000000000U9,DESEBRADO DE BLUSA SIN NOMBRE,315229,agebs\xalmimilulco,revisar,,318.9127687124768,250-500 m,19.2125903,-98.38502297,"Priorizacion preliminar por produccion, confeccion, maquila, acabado o lavado textil; se excluye comercio de prendas y no implica evidencia de contaminacion directa."
3427871,21074812210000202021000000U5,PEGADO DE PRESILLA SIN NOMBRE,315123,agebs\xalmimilulco,revisar,,603.9602257941615,500-1000 m,19.21221675,-98.38532579,"Priorizacion preliminar por produccion, confeccion, maquila, acabado o lavado textil; se excluye comercio de prendas y no implica evidencia de contaminacion directa."
3428329,21074812210000243010000000U9,POLIPROCESO,313310,agebs\xalmimilulco,revisar,,1172.2966924090542,>1000 m,19.21009567,-98.37624609,"Priorizacion preliminar por produccion, confeccion, maquila, acabado o lavado textil; se excluye comercio de prendas y no implica evidencia de contaminacion directa."
3538483,21074315229001255003000000U4,HERA APPAREL,315229,agebs\xalmimilulco,revisar,,114.44913156823104,100-250 m,19.19542489,-98.38726817,"Priorizacion preliminar por produccion, confeccion, maquila, acabado o lavado textil; se excluye comercio de prendas y no implica evidencia de contaminacion directa."
6378259,21074313320000017000000000U8,AUNDE MEXICO,313320,agebs\xalmimilulco,revisar,,1060.8624928779982,>1000 m,19.21664171,-98.41318695,"Priorizacion preliminar por produccion, confeccion, maquila, acabado o lavado textil; se excluye comercio de prendas y no implica evidencia de contaminacion directa."
6379033,21074313112000046000000000U8,ESPINTEX,313112,agebs\xalmimilulco,revisar,,593.4966910621499,500-1000 m,19.20632358,-98.41085379,"Priorizacion preliminar por produccion, confeccion, maquila, acabado o lavado textil; se excluye comercio de prendas y no implica evidencia de contaminacion directa."
6379890,21074313210000047100000000U8,SKYTEX MEXICO,313210,agebs\xalmimilulco,revisar,,45.2195896144847,0-100 m,19.21676433,-98.40587437,"Priorizacion preliminar por produccion, confeccion, maquila, acabado o lavado textil; se excluye comercio de prendas y no implica evidencia de contaminacion directa."
8089248,21074315229001771000000000U0,TERMINADO,315229,agebs\xalmimilulco,revisar,,964.2845008809293,500-1000 m,19.214406,-98.37765433,"Priorizacion preliminar por produccion, confeccion, maquila, acabado o lavado textil; se excluye comercio de prendas y no implica evidencia de contaminacion directa."
8089451,21074315229001901000000000U3,DESEBRADORA SIN NOMBRE,315229,agebs\xalmimilulco,revisar,,771.2905131649126,500-1000 m,19.20447416,-98.38030722,"Priorizacion preliminar por produccion, confeccion, maquila, acabado o lavado textil; se excluye comercio de prendas y no implica evidencia de contaminacion directa."
9650425,21074315229002291000000000U8,MAQUILLA,315229,agebs\xalmimilulco,revisar,,631.591902784276,500-1000 m,19.2140568,-98.38573989,"Priorizacion preliminar por produccion, confeccion, maquila, acabado o lavado textil; se excluye comercio de prendas y no implica evidencia de contaminacion directa."
9730300,21074315223001162000000000U5,TERMINADO,315229,agebs\xalmimilulco,revisar,,804.258787262092,500-1000 m,19.2143018,-98.3786737,"Priorizacion preliminar por produccion, confeccion, maquila, acabado o lavado textil; se excluye comercio de prendas y no implica evidencia de contaminacion directa."
9800677,21074315229002321000000000U3,MARQUILLA SIN NOMBRE,315229,agebs\xalmimilulco,revisar,,762.7008696898173,500-1000 m,19.21545438,-98.38702133,"Priorizacion preliminar por produccion, confeccion, maquila, acabado o lavado textil; se excluye comercio de prendas y no implica evidencia de contaminacion directa."
9804661,21074315229002591000000000U1,MAQUILLA SIN NOMBRE,315229,agebs\xalmimilulco,revisar,,1081.3592548552456,>1000 m,19.21433021,-98.38261209,"Priorizacion preliminar por produccion, confeccion, maquila, acabado o lavado textil; se excluye comercio de prendas y no implica evidencia de contaminacion directa."
9811409,21074315223001281000000000U3,VICTORIA LIRA LIRA,315229,agebs\xalmimilulco,revisar,,570.0656804310155,500-1000 m,19.20891569,-98.37730833,"Priorizacion preliminar por produccion, confeccion, maquila, acabado o lavado textil; se excluye comercio de prendas y no implica evidencia de contaminacion directa."
9877804,21074315229002611000000000U7,MAQUILLA,315229,agebs\xalmimilulco,revisar,,1075.2826106300781,>1000 m,19.21343595,-98.38213862,"Priorizacion preliminar por produccion, confeccion, maquila, acabado o lavado textil; se excluye comercio de prendas y no implica evidencia de contaminacion directa."
9920113,21074812210000971000000000U5,PLANCHADO SIN NOMBRE,812210,agebs\xalmimilulco,revisar,,1059.1045315819692,>1000 m,19.21044099,-98.39010957,"Priorizacion preliminar por produccion, confeccion, maquila, acabado o lavado textil; se excluye comercio de prendas y no implica evidencia de contaminacion directa."
10029125,21074315229002351000000000U0,MAQUILLA,315229,agebs\xalmimilulco,revisar,,479.441185287915,250-500 m,19.2128435,-98.38306201,"Priorizacion preliminar por produccion, confeccion, maquila, acabado o lavado textil; se excluye comercio de prendas y no implica evidencia de contaminacion directa."
10105987,21074314120000061000000000U9,MONICA SANDOVAL JUAREZ,314120,agebs\xalmimilulco,revisar,,771.4701198545295,500-1000 m,19.21205382,-98.3812411,"Priorizacion preliminar por produccion, confeccion, maquila, acabado o lavado textil; se excluye comercio de prendas y no implica evidencia de contaminacion directa."
10401755,21074315229002801000000000U4,PASIFIC BRASH,315229,agebs\xalmimilulco,revisar,,936.8204212801002,500-1000 m,19.21007941,-98.38101726,"Priorizacion preliminar por produccion, confeccion, maquila, acabado o lavado textil; se excluye comercio de prendas y no implica evidencia de contaminacion directa."
10516759,21074315229002271000000000U0,MAQUILLA V SIN NOMBRE,315229,agebs\xalmimilulco,revisar,,694.5925535470122,500-1000 m,19.21551587,-98.38534479,"Priorizacion preliminar por produccion, confeccion, maquila, acabado o lavado textil; se excluye comercio de prendas y no implica evidencia de contaminacion directa."
10541104,21074315229002441000000000U9,MAQUILLA SIN NOMBRE,315229,agebs\xalmimilulco,revisar,,780.3252648989182,500-1000 m,19.21509667,-98.38405092,"Priorizacion preliminar por produccion, confeccion, maquila, acabado o lavado textil; se excluye comercio de prendas y no implica evidencia de contaminacion directa."
10623693,21074315223000671000000000U6,PRESILLA,315229,agebs\xalmimilulco,revisar,,1112.2638408197286,>1000 m,19.21687474,-98.37430582,"Priorizacion preliminar por produccion, confeccion, maquila, acabado o lavado textil; se excluye comercio de prendas y no implica evidencia de contaminacion directa."
10687795,21074315229002672000000000U9,MAQUILLA SIN NOMBRE,315229,agebs\xalmimilulco,revisar,,803.1305639115176,500-1000 m,19.21436984,-98.38784587,"Priorizacion preliminar por produccion, confeccion, maquila, acabado o lavado textil; se excluye comercio de prendas y no implica evidencia de contaminacion directa."
10752985,21074315223000963000000000U7,TERMINADO O PREPARADO,315229,agebs\xalmimilulco,revisar,,584.7360717864705,500-1000 m,19.2128111,-98.37686215,"Priorizacion preliminar por produccion, confeccion, maquila, acabado o lavado textil; se excluye comercio de prendas y no implica evidencia de contaminacion directa."
10815242,21074315229002311000000000U4,MAQUILLADORA SIN NOMBRE,315229,agebs\xalmimilulco,revisar,,622.2353632479285,500-1000 m,19.21263001,-98.38327724,"Priorizacion preliminar por produccion, confeccion, maquila, acabado o lavado textil; se excluye comercio de prendas y no implica evidencia de contaminacion directa."
11081907,21074812210000921000000000U0,BODEGA SIN NOMBRE,812210,agebs\xalmimilulco,revisar,,751.7410027638481,500-1000 m,19.21328834,-98.37489147,"Priorizacion preliminar por produccion, confeccion, maquila, acabado o lavado textil; se excluye comercio de prendas y no implica evidencia de contaminacion directa."
11084020,21074315229002962000000000U4,MAQUILLADORA SIN NOMBRE,315229,agebs\xalmimilulco,revisar,,897.6699383052924,500-1000 m,19.21521207,-98.38252041,"Priorizacion preliminar por produccion, confeccion, maquila, acabado o lavado textil; se excluye comercio de prendas y no implica evidencia de contaminacion directa."
11099113,21074812210000911000000000U1,PLANCHAS JOCA,812210,agebs\xalmimilulco,revisar,,880.5440451587393,500-1000 m,19.20723769,-98.38926716,"Priorizacion preliminar por produccion, confeccion, maquila, acabado o lavado textil; se excluye comercio de prendas y no implica evidencia de contaminacion directa."
11155463,21074315223000831000000000U6,BODEGA,315223,agebs\xalmimilulco,revisar,,569.6912550892471,500-1000 m,19.21128896,-98.37576557,"Priorizacion preliminar por produccion, confeccion, maquila, acabado o lavado textil; se excluye comercio de prendas y no implica evidencia de contaminacion directa."
11183668,21074812210000251000000000U2,BODEGA DE DESPERDICIO,812210,agebs\xalmimilulco,revisar,,750.8931252658,500-1000 m,19.2111932,-98.37746045,"Priorizacion preliminar por produccion, confeccion, maquila, acabado o lavado textil; se excluye comercio de prendas y no implica evidencia de contaminacion directa."
11221708,21074315223001071000000000U8,BOLSA TRACERA,315223,agebs\xalmimilulco,revisar,,972.2642240396457,500-1000 m,19.2130382,-98.37426874,"Priorizacion preliminar por produccion, confeccion, maquila, acabado o lavado textil; se excluye comercio de prendas y no implica evidencia de contaminacion directa."
11313187,21074315229002392000000000U4,MAQUILLADORA SOMBRE,315229,agebs\xalmimilulco,revisar,,943.4025828255662,500-1000 m,19.21339607,-98.38622131,"Priorizacion preliminar por produccion, confeccion, maquila, acabado o lavado textil; se excluye comercio de prendas y no implica evidencia de contaminacion directa."
11332144,21074315223000751000000000U6,TRABAJO DE OVER,315229,agebs\xalmimilulco,revisar,,1030.7624723848812,>1000 m,19.20708153,-98.37540259,"Priorizacion preliminar por produccion, confeccion, maquila, acabado o lavado textil; se excluye comercio de prendas y no implica evidencia de contaminacion directa."
11382766,21074315229002732000000000U1,ARTEMIO GARCIA SERRANO,315229,agebs\xalmimilulco,revisar,,1255.8400236285195,>1000 m,19.21129201,-98.38151913,"Priorizacion preliminar por produccion, confeccion, maquila, acabado o lavado textil; se excluye comercio de prendas y no implica evidencia de contaminacion directa."
11467703,21074315229002382000000000U5,MAQUILLA JUAREZ,315229,agebs\xalmimilulco,revisar,,308.5892652494291,250-500 m,19.21384453,-98.38440646,"Priorizacion preliminar por produccion, confeccion, maquila, acabado o lavado textil; se excluye comercio de prendas y no implica evidencia de contaminacion directa."
3326283,21074461190000381010000000U5,DISEÑO DE ROPA A LA MEDIDA,315225,agebs\xalmimilulco,revisar,,160.62235133224095,100-250 m,19.20923132,-98.38722989,"Priorizacion preliminar por produccion, confeccion, maquila, acabado o lavado textil; se excluye comercio de prendas y no implica evidencia de contaminacion directa."
6859807,21074313230000016002000000U1,SKYFELT,313230,agebs\xalmimilulco,revisar,,4.281905593624993,0-100 m,19.21737164,-98.40569301,"Priorizacion preliminar por produccion, confeccion, maquila, acabado o lavado textil; se excluye comercio de prendas y no implica evidencia de contaminacion directa."
6861846,21074812210000364001000000U3,STONE LAV,812210,agebs\xalmimilulco,revisar,,913.596503634522,500-1000 m,19.21707716,-98.37347932,"Priorizacion preliminar por produccion, confeccion, maquila, acabado o lavado textil; se excluye comercio de prendas y no implica evidencia de contaminacion directa."
8692099,21074541430000062111000000U5,PUBLICIDAD Y TEXTILES,323119,agebs\xalmimilulco,revisar,textiles,265.8743163645652,250-500 m,19.2125827,-98.37787272,"Priorizacion preliminar por produccion, confeccion, maquila, acabado o lavado textil; se excluye comercio de prendas y no implica evidencia de contaminacion directa."
9706371,21074315229002251000000000U2,JAVIER SANDOVAL CORDERO,315229,agebs\xalmimilulco,revisar,,978.5494663661345,500-1000 m,19.21211572,-98.38189756,"Priorizacion preliminar por produccion, confeccion, maquila, acabado o lavado textil; se excluye comercio de prendas y no implica evidencia de contaminacion directa."
9747796,21074313220000011000000000U3,MANUFACTURA DE ETIQUETA EN PIEL,313220,agebs\xalmimilulco,revisar,,1081.9360377077141,>1000 m,19.21958272,-98.37372357,"Priorizacion preliminar por produccion, confeccion, maquila, acabado o lavado textil; se excluye comercio de prendas y no implica evidencia de contaminacion directa."
10122074,21074315229000271000000000U2,MAQUILLADORA SIN NOMBRE,315229,agebs\xalmimilulco,revisar,,824.6893186433564,500-1000 m,19.21349943,-98.38328084,"Priorizacion preliminar por produccion, confeccion, maquila, acabado o lavado textil; se excluye comercio de prendas y no implica evidencia de contaminacion directa."
10122585,21074315223000971000000000U0,ALEJANDRO GARITA JUAREZ,315229,agebs\xalmimilulco,revisar,,621.7510594629101,500-1000 m,19.2090004,-98.37746816,"Priorizacion preliminar por produccion, confeccion, maquila, acabado o lavado textil; se excluye comercio de prendas y no implica evidencia de contaminacion directa."
10262715,21074313310000111000000000U0,IMPRESOS EN SERVILLETAS PARA RECUERDO,313310,agebs\xalmimilulco,revisar,,269.3770385016121,250-500 m,19.21216914,-98.38222036,"Priorizacion preliminar por produccion, confeccion, maquila, acabado o lavado textil; se excluye comercio de prendas y no implica evidencia de contaminacion directa."
10328922,21074315229002573000000000U9,MAQUILLADORA LOS HERMANOS,315229,agebs\xalmimilulco,revisar,,539.4682467103175,500-1000 m,19.21304187,-98.37809667,"Priorizacion preliminar por produccion, confeccion, maquila, acabado o lavado textil; se excluye comercio de prendas y no implica evidencia de contaminacion directa."
10416578,21074315229002972000000000U3,MAQUILLADORA SIN NOMBRE,315229,agebs\xalmimilulco,revisar,,285.1506900481369,250-500 m,19.21669662,-98.38173764,"Priorizacion preliminar por produccion, confeccion, maquila, acabado o lavado textil; se excluye comercio de prendas y no implica evidencia de contaminacion directa."
10451408,21074812210000861000000000U8,STONE LAV,812210,agebs\xalmimilulco,revisar,,473.24907926560644,250-500 m,19.21703648,-98.37353551,"Priorizacion preliminar por produccion, confeccion, maquila, acabado o lavado textil; se excluye comercio de prendas y no implica evidencia de contaminacion directa."
10500192,21074315229002261000000000U1,MAQUILLA,315229,agebs\xalmimilulco,revisar,,933.1239169023728,500-1000 m,19.21399223,-98.38297451,"Priorizacion preliminar por produccion, confeccion, maquila, acabado o lavado textil; se excluye comercio de prendas y no implica evidencia de contaminacion directa."
10724349,21074315229002943000000000U4,LIDER CORDOBA,315229,agebs\xalmimilulco,revisar,,768.6046150289957,500-1000 m,19.21018665,-98.3815298,"Priorizacion preliminar por produccion, confeccion, maquila, acabado o lavado textil; se excluye comercio de prendas y no implica evidencia de contaminacion directa."
10939082,21074315223001191000000000U4,CREACIONES MARY,315223,agebs\xalmimilulco,revisar,,810.8405367842789,500-1000 m,19.21147172,-98.38285654,"Priorizacion preliminar por produccion, confeccion, maquila, acabado o lavado textil; se excluye comercio de prendas y no implica evidencia de contaminacion directa."
11198278,21074315223001051000000000U0,PRETINADOR,315223,agebs\xalmimilulco,revisar,,720.0340707723245,500-1000 m,19.20994035,-98.37729157,"Priorizacion preliminar por produccion, confeccion, maquila, acabado o lavado textil; se excluye comercio de prendas y no implica evidencia de contaminacion directa."
11521781,21074315229002362000000000U7,MAQUILLADORA,315229,agebs\xalmimilulco,revisar,,782.9798444381723,500-1000 m,19.21535967,-98.38111473,"Priorizacion preliminar por produccion, confeccion, maquila, acabado o lavado textil; se excluye comercio de prendas y no implica evidencia de contaminacion directa."
