ruta,nombre_archivo,carpeta_origen,numero_features,geometria,crs,columnas_disponibles,tipos_columnas,bounds_extension_espacial,estado,error
data\raw\agebs\huejotzingo\INEGI_AGEB_.shp,INEGI_AGEB_.shp,agebs\huejotzingo,41,Polygon,"GEOGCS[""WGS84(DD)"",DATUM[""WGS84"",SPHEROID[""WGS84"",6378137,298.257223563]],PRIMEM[""Greenwich"",0],UNIT[""degree"",0.0174532925199433],AXIS[""Longitude"",EAST],AXIS[""Latitude"",NORTH]]",ID; CVEGEO,ID:object; CVEGEO:object,"{""minx"": -98.46796629436409, ""miny"": 19.133349003923783, ""maxx"": -98.3484397001108, ""maxy"": 19.180490866928135}",ok_geopandas_fallback,pyogrio_read_info fallo: The truth value of an array with more than one element is ambiguous. Use a.any() or a.all()
data\raw\agebs\huejotzingo\INEGI_Arearuralesnoamanzanadas_.shp,INEGI_Arearuralesnoamanzanadas_.shp,agebs\huejotzingo,32,Point,"GEOGCS[""WGS84(DD)"",DATUM[""WGS84"",SPHEROID[""WGS84"",6378137,298.257223563]],PRIMEM[""Greenwich"",0],UNIT[""degree"",0.0174532925199433],AXIS[""Longitude"",EAST],AXIS[""Latitude"",NORTH]]",CVE_ENT; CVE_MUN; CVE_LOC; NOMBRE,CVE_ENT:object; CVE_MUN:object; CVE_LOC:object; NOMBRE:object,"{""minx"": -98.45916331174493, ""miny"": 19.133602134499863, ""maxx"": -98.35095083853747, ""maxy"": 19.17916379065656}",ok_geopandas_fallback,pyogrio_read_info fallo: The truth value of an array with more than one element is ambiguous. Use a.any() or a.all()
data\raw\agebs\huejotzingo\INEGI_Caminos_.shp,INEGI_Caminos_.shp,agebs\huejotzingo,51,LineString,"GEOGCS[""WGS84(DD)"",DATUM[""WGS84"",SPHEROID[""WGS84"",6378137,298.257223563]],PRIMEM[""Greenwich"",0],UNIT[""degree"",0.0174532925199433],AXIS[""Longitude"",EAST],AXIS[""Latitude"",NORTH]]",OGR_FID; ID_RED; TIPO_VIAL; NOMBRE; CODIGO; COND_PAV; RECUBRI; CARRILES; ESTATUS; CONDICION; NIVEL; PEAJE; ADMINISTRA; JURISDI; CIRCULA; ESCALA_VIS; VELOCIDAD; UNION_INI; UNION_FIN; LONGITUD; ANCHO; FECHA_ACT; CALIREPR,OGR_FID:int32; ID_RED:int64; TIPO_VIAL:object; NOMBRE:object; CODIGO:object; COND_PAV:object; RECUBRI:object; CARRILES:object; ESTATUS:object; CONDICION:object; NIVEL:int32; PEAJE:object; ADMINISTRA:object; JURISDI:object; CIRCULA:object; ESCALA_VIS:int64; VELOCIDAD:object; UNION_INI:int64; UNION_FIN:int64; LONGITUD:float64; ANCHO:float64; FECHA_ACT:object; CALIREPR:object,"{""minx"": -98.46796629436407, ""miny"": 19.133350887826, ""maxx"": -98.34843970011083, ""maxy"": 19.180490586158978}",ok_geopandas_fallback,pyogrio_read_info fallo: The truth value of an array with more than one element is ambiguous. Use a.any() or a.all()
data\raw\agebs\huejotzingo\INEGI_Carreteras_.shp,INEGI_Carreteras_.shp,agebs\huejotzingo,236,LineString,"GEOGCS[""WGS84(DD)"",DATUM[""WGS84"",SPHEROID[""WGS84"",6378137,298.257223563]],PRIMEM[""Greenwich"",0],UNIT[""degree"",0.0174532925199433],AXIS[""Longitude"",EAST],AXIS[""Latitude"",NORTH]]",OGR_FID; ID_RED; TIPO_VIAL; NOMBRE; CODIGO; COND_PAV; RECUBRI; CARRILES; ESTATUS; CONDICION; NIVEL; PEAJE; ADMINISTRA; JURISDI; CIRCULA; ESCALA_VIS; VELOCIDAD; UNION_INI; UNION_FIN; LONGITUD; ANCHO; FECHA_ACT; CALIREPR,OGR_FID:int32; ID_RED:int64; TIPO_VIAL:object; NOMBRE:object; CODIGO:object; COND_PAV:object; RECUBRI:object; CARRILES:object; ESTATUS:object; CONDICION:object; NIVEL:int32; PEAJE:object; ADMINISTRA:object; JURISDI:object; CIRCULA:object; ESCALA_VIS:int64; VELOCIDAD:object; UNION_INI:int64; UNION_FIN:int64; LONGITUD:float64; ANCHO:float64; FECHA_ACT:object; CALIREPR:object,"{""minx"": -98.46796629436407, ""miny"": 19.13335319458822, ""maxx"": -98.34854975199994, ""maxy"": 19.18049120620316}",ok_geopandas_fallback,pyogrio_read_info fallo: The truth value of an array with more than one element is ambiguous. Use a.any() or a.all()
data\raw\agebs\huejotzingo\INEGI_Cuencas_.shp,INEGI_Cuencas_.shp,agebs\huejotzingo,1,Polygon,"GEOGCS[""WGS84(DD)"",DATUM[""WGS84"",SPHEROID[""WGS84"",6378137,298.257223563]],PRIMEM[""Greenwich"",0],UNIT[""degree"",0.0174532925199433],AXIS[""Longitude"",EAST],AXIS[""Latitude"",NORTH]]",CVECUENCA; CVE_RH; RH; CUENCA; AREA_KM2; PERIMETRO,CVECUENCA:object; CVE_RH:object; RH:object; CUENCA:object; AREA_KM2:int32; PERIMETRO:int32,"{""minx"": -98.46796629436405, ""miny"": 19.133349003923783, ""maxx"": -98.34843970011086, ""maxy"": 19.180481584436848}",ok_geopandas_fallback,pyogrio_read_info fallo: The truth value of an array with more than one element is ambiguous. Use a.any() or a.all()
data\raw\agebs\huejotzingo\INEGI_DENUE_.shp,INEGI_DENUE_.shp,agebs\huejotzingo,4051,Point,"GEOGCS[""WGS84(DD)"",DATUM[""WGS84"",SPHEROID[""WGS84"",6378137,298.257223563]],PRIMEM[""Greenwich"",0],UNIT[""degree"",0.0174532925199433],AXIS[""Longitude"",EAST],AXIS[""Latitude"",NORTH]]",id_llave_r; subsector_; rama_activ; subrama_ac; clase_acti; estrato_pe; x; y,id_llave_r:int32; subsector_:object; rama_activ:object; subrama_ac:object; clase_acti:object; estrato_pe:object; x:float64; y:float64,"{""minx"": -98.46657637, ""miny"": 19.13469408, ""maxx"": -98.34845044, ""maxy"": 19.18032349}",ok_geopandas_fallback,pyogrio_read_info fallo: The truth value of an array with more than one element is ambiguous. Use a.any() or a.all()
data\raw\agebs\huejotzingo\INEGI_Estatal_.shp,INEGI_Estatal_.shp,agebs\huejotzingo,1,Polygon,"GEOGCS[""WGS84(DD)"",DATUM[""WGS84"",SPHEROID[""WGS84"",6378137,298.257223563]],PRIMEM[""Greenwich"",0],UNIT[""degree"",0.0174532925199433],AXIS[""Longitude"",EAST],AXIS[""Latitude"",NORTH]]",ID; NOMBRE,ID:object; NOMBRE:object,"{""minx"": -98.46796629436405, ""miny"": 19.133349003923783, ""maxx"": -98.34843970011086, ""maxy"": 19.180481584436848}",ok_geopandas_fallback,pyogrio_read_info fallo: The truth value of an array with more than one element is ambiguous. Use a.any() or a.all()
data\raw\agebs\huejotzingo\INEGI_Localidad_.shp,INEGI_Localidad_.shp,agebs\huejotzingo,23,Polygon,"GEOGCS[""WGS84(DD)"",DATUM[""WGS84"",SPHEROID[""WGS84"",6378137,298.257223563]],PRIMEM[""Greenwich"",0],UNIT[""degree"",0.0174532925199433],AXIS[""Longitude"",EAST],AXIS[""Latitude"",NORTH]]",ID; NOMBRE,ID:object; NOMBRE:object,"{""minx"": -98.46796629436409, ""miny"": 19.133352082056646, ""maxx"": -98.3484397001108, ""maxy"": 19.18049125624377}",ok_geopandas_fallback,pyogrio_read_info fallo: The truth value of an array with more than one element is ambiguous. Use a.any() or a.all()
data\raw\agebs\huejotzingo\INEGI_Manzanas_.shp,INEGI_Manzanas_.shp,agebs\huejotzingo,796,Polygon,"GEOGCS[""WGS84(DD)"",DATUM[""WGS84"",SPHEROID[""WGS84"",6378137,298.257223563]],PRIMEM[""Greenwich"",0],UNIT[""degree"",0.0174532925199433],AXIS[""Longitude"",EAST],AXIS[""Latitude"",NORTH]]",CVEGEO; CVE_ENT; NOM_ENT; CVE_MUN; NOM_MUN; CVE_LOC; NOM_LOC; CVE_AGEB; CVE_MZA; POBTOT; POBFEM; POBMAS; POB0_14; POB0_14_P; P15A29A; P15A29A_P; P30A59A; P30A59A_P; P_60YMAS; P_60YMAS_P; P_CD_T; P_CD_P; GRAPROES; GRAPROES_F; GRAPROES_M; VIVTOT; VIVPAR; VIVPAR_P; TVIPAHAB; TVIPAHAB_P; VIVNOHAB; VIVNOHAB_P; PROM_OCUP; PRO_OCUP_C; V3MASOCU; V3MASOCU_P; VPH_PIDT; VPH_PIDT_P; VPH_C_EL; VPH_C_EL_P; VPH_EXSA; VPH_EXSA_P; VPH_DREN; VPH_DREN_P; RECUCALL_C; RAMPAS_C; PASOPEAT_C; BANQUETA_C; GUARNICI_C; CICLOVIA_C; CICLOCAR_C; ALUMPUB_C; LETRERO_C; TELPUB_C; ARBOLES_C; DRENAJEP_C; TRANSCOL_C; ACESOPER_C; ACESOAUT_C; PUESSEMI_C; PUESAMBU_C; RECUCALL_D; RAMPAS_D; BANQUETA_D; GUARNICI_D; ALUMPUB_D; LETRERO_D; TELPUB_D; ARBOLES_D; DRENAJEP_D; TRANSCOL_D; ACESOPER_D; ACESOAUT_D; PUESSEMI_D; PUESAMBU_D; FECHA_INF; FECHA_POLI,CVEGEO:object; CVE_ENT:object; NOM_ENT:object; CVE_MUN:object; NOM_MUN:object; CVE_LOC:object; NOM_LOC:object; CVE_AGEB:object; CVE_MZA:object; POBTOT:int32; POBFEM:object; POBMAS:object; POB0_14:int32; POB0_14_P:float64; P15A29A:int32; P15A29A_P:float64; P30A59A:int32; P30A59A_P:float64; P_60YMAS:int32; P_60YMAS_P:float64; P_CD_T:int32; P_CD_P:float64; GRAPROES:float64; GRAPROES_F:object; GRAPROES_M:object; VIVTOT:int32; VIVPAR:int32; VIVPAR_P:float64; TVIPAHAB:int32; TVIPAHAB_P:float64; VIVNOHAB:int32; VIVNOHAB_P:float64; PROM_OCUP:object; PRO_OCUP_C:float64; V3MASOCU:int32; V3MASOCU_P:float64; VPH_PIDT:int32; VPH_PIDT_P:float64; VPH_C_EL:int32; VPH_C_EL_P:float64; VPH_EXSA:int32; VPH_EXSA_P:float64; VPH_DREN:int32; VPH_DREN_P:float64; RECUCALL_C:object; RAMPAS_C:object; PASOPEAT_C:object; BANQUETA_C:object; GUARNICI_C:object; CICLOVIA_C:object; CICLOCAR_C:object; ALUMPUB_C:object; LETRERO_C:object; TELPUB_C:object; ARBOLES_C:object; DRENAJEP_C:object; TRANSCOL_C:object; ACESOPER_C:object; ACESOAUT_C:object; PUESSEMI_C:object; PUESAMBU_C:object; RECUCALL_D:object; RAMPAS_D:object; BANQUETA_D:object; GUARNICI_D:object; ALUMPUB_D:object; LETRERO_D:object; TELPUB_D:object; ARBOLES_D:object; DRENAJEP_D:object; TRANSCOL_D:object; ACESOPER_D:object; ACESOAUT_D:object; PUESSEMI_D:object; PUESAMBU_D:object; FECHA_INF:int32; FECHA_POLI:int32,"{""minx"": -98.46796629436409, ""miny"": 19.133352286801667, ""maxx"": -98.3484397001108, ""maxy"": 19.18048933016645}",ok_geopandas_fallback,pyogrio_read_info fallo: The truth value of an array with more than one element is ambiguous. Use a.any() or a.all()
data\raw\agebs\huejotzingo\INEGI_Regiones_.shp,INEGI_Regiones_.shp,agebs\huejotzingo,1,Polygon,"GEOGCS[""WGS84(DD)"",DATUM[""WGS84"",SPHEROID[""WGS84"",6378137,298.257223563]],PRIMEM[""Greenwich"",0],UNIT[""degree"",0.0174532925199433],AXIS[""Longitude"",EAST],AXIS[""Latitude"",NORTH]]",IDDB; ID; CVE_RH; RH; AREA_KM2; PERIMETRO,IDDB:int32; ID:int32; CVE_RH:object; RH:object; AREA_KM2:int32; PERIMETRO:int32,"{""minx"": -98.46796629436405, ""miny"": 19.133349003923783, ""maxx"": -98.34843970011086, ""maxy"": 19.180481584436848}",ok_geopandas_fallback,pyogrio_read_info fallo: The truth value of an array with more than one element is ambiguous. Use a.any() or a.all()
data\raw\agebs\huejotzingo\INEGI_Subcuencas_.shp,INEGI_Subcuencas_.shp,agebs\huejotzingo,1,Polygon,"GEOGCS[""WGS84(DD)"",DATUM[""WGS84"",SPHEROID[""WGS84"",6378137,298.257223563]],PRIMEM[""Greenwich"",0],UNIT[""degree"",0.0174532925199433],AXIS[""Longitude"",EAST],AXIS[""Latitude"",NORTH]]",ID; CVE_SUBCUE; CVE_RH; RH; CVECUENCA; CUENCA; SUBCUENCA; AREA_KM2; PERIMETRO; Cuenca_hid,ID:int32; CVE_SUBCUE:object; CVE_RH:object; RH:object; CVECUENCA:object; CUENCA:object; SUBCUENCA:object; AREA_KM2:int32; PERIMETRO:int32; Cuenca_hid:object,"{""minx"": -98.46796629436405, ""miny"": 19.133349003923783, ""maxx"": -98.34843970011086, ""maxy"": 19.180481584436848}",ok_geopandas_fallback,pyogrio_read_info fallo: The truth value of an array with more than one element is ambiguous. Use a.any() or a.all()
data\raw\agebs\huejotzingo\INEGI_Vialidades_.shp,INEGI_Vialidades_.shp,agebs\huejotzingo,2815,LineString,"GEOGCS[""WGS84(DD)"",DATUM[""WGS84"",SPHEROID[""WGS84"",6378137,298.257223563]],PRIMEM[""Greenwich"",0],UNIT[""degree"",0.0174532925199433],AXIS[""Longitude"",EAST],AXIS[""Latitude"",NORTH]]",CVEGEO; TIPO_VIAL; NOM_VIAL; SENTIDO; FECHA_ACT,CVEGEO:object; TIPO_VIAL:object; NOM_VIAL:object; SENTIDO:object; FECHA_ACT:object,"{""minx"": -98.46796629436409, ""miny"": 19.133352082056646, ""maxx"": -98.3484397001108, ""maxy"": 19.180491124363577}",ok_geopandas_fallback,pyogrio_read_info fallo: The truth value of an array with more than one element is ambiguous. Use a.any() or a.all()
data\raw\agebs\san_martin\INEGI_AGEB_.shp,INEGI_AGEB_.shp,agebs\san_martin,80,Polygon,"GEOGCS[""WGS84(DD)"",DATUM[""WGS84"",SPHEROID[""WGS84"",6378137,298.257223563]],PRIMEM[""Greenwich"",0],UNIT[""degree"",0.0174532925199433],AXIS[""Longitude"",EAST],AXIS[""Latitude"",NORTH]]",ID; CVEGEO,ID:object; CVEGEO:object,"{""minx"": -98.50957962463013, ""miny"": 19.26295013705918, ""maxx"": -98.38015700845718, ""maxy"": 19.313954350657305}",ok_geopandas_fallback,pyogrio_read_info fallo: The truth value of an array with more than one element is ambiguous. Use a.any() or a.all()
data\raw\agebs\san_martin\INEGI_Arearuralesnoamanzanadas_.shp,INEGI_Arearuralesnoamanzanadas_.shp,agebs\san_martin,34,Point,"GEOGCS[""WGS84(DD)"",DATUM[""WGS84"",SPHEROID[""WGS84"",6378137,298.257223563]],PRIMEM[""Greenwich"",0],UNIT[""degree"",0.0174532925199433],AXIS[""Longitude"",EAST],AXIS[""Latitude"",NORTH]]",CVE_ENT; CVE_MUN; CVE_LOC; NOMBRE,CVE_ENT:object; CVE_MUN:object; CVE_LOC:object; NOMBRE:object,"{""minx"": -98.49261330316676, ""miny"": 19.2659148816888, ""maxx"": -98.3839536078838, ""maxy"": 19.313287926477877}",ok_geopandas_fallback,pyogrio_read_info fallo: The truth value of an array with more than one element is ambiguous. Use a.any() or a.all()
data\raw\agebs\san_martin\INEGI_Caminos_.shp,INEGI_Caminos_.shp,agebs\san_martin,121,LineString,"GEOGCS[""WGS84(DD)"",DATUM[""WGS84"",SPHEROID[""WGS84"",6378137,298.257223563]],PRIMEM[""Greenwich"",0],UNIT[""degree"",0.0174532925199433],AXIS[""Longitude"",EAST],AXIS[""Latitude"",NORTH]]",OGR_FID; ID_RED; TIPO_VIAL; NOMBRE; CODIGO; COND_PAV; RECUBRI; CARRILES; ESTATUS; CONDICION; NIVEL; PEAJE; ADMINISTRA; JURISDI; CIRCULA; ESCALA_VIS; VELOCIDAD; UNION_INI; UNION_FIN; LONGITUD; ANCHO; FECHA_ACT; CALIREPR,OGR_FID:int32; ID_RED:int64; TIPO_VIAL:object; NOMBRE:object; CODIGO:object; COND_PAV:object; RECUBRI:object; CARRILES:object; ESTATUS:object; CONDICION:object; NIVEL:int32; PEAJE:object; ADMINISTRA:object; JURISDI:object; CIRCULA:object; ESCALA_VIS:int64; VELOCIDAD:object; UNION_INI:int64; UNION_FIN:int64; LONGITUD:float64; ANCHO:float64; FECHA_ACT:object; CALIREPR:object,"{""minx"": -98.5095796246301, ""miny"": 19.262960847480013, ""maxx"": -98.38015700845718, ""maxy"": 19.313955376200173}",ok_geopandas_fallback,pyogrio_read_info fallo: The truth value of an array with more than one element is ambiguous. Use a.any() or a.all()
data\raw\agebs\san_martin\INEGI_Carreteras_.shp,INEGI_Carreteras_.shp,agebs\san_martin,414,LineString,"GEOGCS[""WGS84(DD)"",DATUM[""WGS84"",SPHEROID[""WGS84"",6378137,298.257223563]],PRIMEM[""Greenwich"",0],UNIT[""degree"",0.0174532925199433],AXIS[""Longitude"",EAST],AXIS[""Latitude"",NORTH]]",OGR_FID; ID_RED; TIPO_VIAL; NOMBRE; CODIGO; COND_PAV; RECUBRI; CARRILES; ESTATUS; CONDICION; NIVEL; PEAJE; ADMINISTRA; JURISDI; CIRCULA; ESCALA_VIS; VELOCIDAD; UNION_INI; UNION_FIN; LONGITUD; ANCHO; FECHA_ACT; CALIREPR,OGR_FID:int32; ID_RED:int64; TIPO_VIAL:object; NOMBRE:object; CODIGO:object; COND_PAV:object; RECUBRI:object; CARRILES:object; ESTATUS:object; CONDICION:object; NIVEL:int32; PEAJE:object; ADMINISTRA:object; JURISDI:object; CIRCULA:object; ESCALA_VIS:int64; VELOCIDAD:object; UNION_INI:int64; UNION_FIN:int64; LONGITUD:float64; ANCHO:float64; FECHA_ACT:object; CALIREPR:object,"{""minx"": -98.5095796246301, ""miny"": 19.262959663950074, ""maxx"": -98.38529629799996, ""maxy"": 19.31395379430433}",ok_geopandas_fallback,pyogrio_read_info fallo: The truth value of an array with more than one element is ambiguous. Use a.any() or a.all()
data\raw\agebs\san_martin\INEGI_Cuencas_.shp,INEGI_Cuencas_.shp,agebs\san_martin,1,Polygon,"GEOGCS[""WGS84(DD)"",DATUM[""WGS84"",SPHEROID[""WGS84"",6378137,298.257223563]],PRIMEM[""Greenwich"",0],UNIT[""degree"",0.0174532925199433],AXIS[""Longitude"",EAST],AXIS[""Latitude"",NORTH]]",CVECUENCA; CVE_RH; RH; CUENCA; AREA_KM2; PERIMETRO,CVECUENCA:object; CVE_RH:object; RH:object; CUENCA:object; AREA_KM2:int32; PERIMETRO:int32,"{""minx"": -98.50957962463009, ""miny"": 19.26295013705918, ""maxx"": -98.38015700845719, ""maxy"": 19.313944152602332}",ok_geopandas_fallback,pyogrio_read_info fallo: The truth value of an array with more than one element is ambiguous. Use a.any() or a.all()
data\raw\agebs\san_martin\INEGI_DENUE_.shp,INEGI_DENUE_.shp,agebs\san_martin,14201,Point,"GEOGCS[""WGS84(DD)"",DATUM[""WGS84"",SPHEROID[""WGS84"",6378137,298.257223563]],PRIMEM[""Greenwich"",0],UNIT[""degree"",0.0174532925199433],AXIS[""Longitude"",EAST],AXIS[""Latitude"",NORTH]]",id_llave_r; subsector_; rama_activ; subrama_ac; clase_acti; estrato_pe; x; y,id_llave_r:int32; subsector_:object; rama_activ:object; subrama_ac:object; clase_acti:object; estrato_pe:object; x:float64; y:float64,"{""minx"": -98.50942151, ""miny"": 19.26296162, ""maxx"": -98.38015924, ""maxy"": 19.31388225}",ok_geopandas_fallback,pyogrio_read_info fallo: The truth value of an array with more than one element is ambiguous. Use a.any() or a.all()
data\raw\agebs\san_martin\INEGI_Estatal_.shp,INEGI_Estatal_.shp,agebs\san_martin,2,Polygon,"GEOGCS[""WGS84(DD)"",DATUM[""WGS84"",SPHEROID[""WGS84"",6378137,298.257223563]],PRIMEM[""Greenwich"",0],UNIT[""degree"",0.0174532925199433],AXIS[""Longitude"",EAST],AXIS[""Latitude"",NORTH]]",ID; NOMBRE,ID:object; NOMBRE:object,"{""minx"": -98.50957962463009, ""miny"": 19.26295013705918, ""maxx"": -98.38015700845719, ""maxy"": 19.31395183016225}",ok_geopandas_fallback,pyogrio_read_info fallo: The truth value of an array with more than one element is ambiguous. Use a.any() or a.all()
data\raw\agebs\san_martin\INEGI_Localidad_.shp,INEGI_Localidad_.shp,agebs\san_martin,39,Polygon,"GEOGCS[""WGS84(DD)"",DATUM[""WGS84"",SPHEROID[""WGS84"",6378137,298.257223563]],PRIMEM[""Greenwich"",0],UNIT[""degree"",0.0174532925199433],AXIS[""Longitude"",EAST],AXIS[""Latitude"",NORTH]]",ID; NOMBRE,ID:object; NOMBRE:object,"{""minx"": -98.50957962463009, ""miny"": 19.26295013705918, ""maxx"": -98.38015700845718, ""maxy"": 19.31395377378196}",ok_geopandas_fallback,pyogrio_read_info fallo: The truth value of an array with more than one element is ambiguous. Use a.any() or a.all()
data\raw\agebs\san_martin\INEGI_Regiones_.shp,INEGI_Regiones_.shp,agebs\san_martin,1,Polygon,"GEOGCS[""WGS84(DD)"",DATUM[""WGS84"",SPHEROID[""WGS84"",6378137,298.257223563]],PRIMEM[""Greenwich"",0],UNIT[""degree"",0.0174532925199433],AXIS[""Longitude"",EAST],AXIS[""Latitude"",NORTH]]",IDDB; ID; CVE_RH; RH; AREA_KM2; PERIMETRO,IDDB:int32; ID:int32; CVE_RH:object; RH:object; AREA_KM2:int32; PERIMETRO:int32,"{""minx"": -98.50957962463009, ""miny"": 19.26295013705918, ""maxx"": -98.38015700845719, ""maxy"": 19.313944152602332}",ok_geopandas_fallback,pyogrio_read_info fallo: The truth value of an array with more than one element is ambiguous. Use a.any() or a.all()
data\raw\agebs\san_martin\INEGI_Subcuencas_.shp,INEGI_Subcuencas_.shp,agebs\san_martin,1,Polygon,"GEOGCS[""WGS84(DD)"",DATUM[""WGS84"",SPHEROID[""WGS84"",6378137,298.257223563]],PRIMEM[""Greenwich"",0],UNIT[""degree"",0.0174532925199433],AXIS[""Longitude"",EAST],AXIS[""Latitude"",NORTH]]",ID; CVE_SUBCUE; CVE_RH; RH; CVECUENCA; CUENCA; SUBCUENCA; AREA_KM2; PERIMETRO; Cuenca_hid,ID:int32; CVE_SUBCUE:object; CVE_RH:object; RH:object; CVECUENCA:object; CUENCA:object; SUBCUENCA:object; AREA_KM2:int32; PERIMETRO:int32; Cuenca_hid:object,"{""minx"": -98.50957962463009, ""miny"": 19.26295013705918, ""maxx"": -98.38015700845719, ""maxy"": 19.313944152602332}",ok_geopandas_fallback,pyogrio_read_info fallo: The truth value of an array with more than one element is ambiguous. Use a.any() or a.all()
data\raw\agebs\san_martin\INEGI_Vialidades_.shp,INEGI_Vialidades_.shp,agebs\san_martin,7382,LineString,"GEOGCS[""WGS84(DD)"",DATUM[""WGS84"",SPHEROID[""WGS84"",6378137,298.257223563]],PRIMEM[""Greenwich"",0],UNIT[""degree"",0.0174532925199433],AXIS[""Longitude"",EAST],AXIS[""Latitude"",NORTH]]",CVEGEO; TIPO_VIAL; NOM_VIAL; SENTIDO; FECHA_ACT,CVEGEO:object; TIPO_VIAL:object; NOM_VIAL:object; SENTIDO:object; FECHA_ACT:object,"{""minx"": -98.50957962463008, ""miny"": 19.262950541007363, ""maxx"": -98.38015700845716, ""maxy"": 19.31395377378196}",ok_geopandas_fallback,pyogrio_read_info fallo: The truth value of an array with more than one element is ambiguous. Use a.any() or a.all()
data\raw\agebs\xalmimilulco\INEGI_AGEB_.shp,INEGI_AGEB_.shp,agebs\xalmimilulco,16,Polygon,"GEOGCS[""WGS84(DD)"",DATUM[""WGS84"",SPHEROID[""WGS84"",6378137,298.257223563]],PRIMEM[""Greenwich"",0],UNIT[""degree"",0.0174532925199433],AXIS[""Longitude"",EAST],AXIS[""Latitude"",NORTH]]",ID; CVEGEO,ID:object; CVEGEO:object,"{""minx"": -98.43022389347394, ""miny"": 19.193145698257425, ""maxx"": -98.33869646232988, ""maxy"": 19.229230435345894}",ok_geopandas_fallback,pyogrio_read_info fallo: The truth value of an array with more than one element is ambiguous. Use a.any() or a.all()
data\raw\agebs\xalmimilulco\INEGI_Arearuralesnoamanzanadas_.shp,INEGI_Arearuralesnoamanzanadas_.shp,agebs\xalmimilulco,20,Point,"GEOGCS[""WGS84(DD)"",DATUM[""WGS84"",SPHEROID[""WGS84"",6378137,298.257223563]],PRIMEM[""Greenwich"",0],UNIT[""degree"",0.0174532925199433],AXIS[""Longitude"",EAST],AXIS[""Latitude"",NORTH]]",CVE_ENT; CVE_MUN; CVE_LOC; NOMBRE,CVE_ENT:object; CVE_MUN:object; CVE_LOC:object; NOMBRE:object,"{""minx"": -98.42193693193664, ""miny"": 19.195506009069167, ""maxx"": -98.34301056264259, ""maxy"": 19.22796739050629}",ok_geopandas_fallback,pyogrio_read_info fallo: The truth value of an array with more than one element is ambiguous. Use a.any() or a.all()
data\raw\agebs\xalmimilulco\INEGI_Caminos_.shp,INEGI_Caminos_.shp,agebs\xalmimilulco,57,LineString,"GEOGCS[""WGS84(DD)"",DATUM[""WGS84"",SPHEROID[""WGS84"",6378137,298.257223563]],PRIMEM[""Greenwich"",0],UNIT[""degree"",0.0174532925199433],AXIS[""Longitude"",EAST],AXIS[""Latitude"",NORTH]]",OGR_FID; ID_RED; TIPO_VIAL; NOMBRE; CODIGO; COND_PAV; RECUBRI; CARRILES; ESTATUS; CONDICION; NIVEL; PEAJE; ADMINISTRA; JURISDI; CIRCULA; ESCALA_VIS; VELOCIDAD; UNION_INI; UNION_FIN; LONGITUD; ANCHO; FECHA_ACT; CALIREPR,OGR_FID:int32; ID_RED:int64; TIPO_VIAL:object; NOMBRE:object; CODIGO:object; COND_PAV:object; RECUBRI:object; CARRILES:object; ESTATUS:object; CONDICION:object; NIVEL:int32; PEAJE:object; ADMINISTRA:object; JURISDI:object; CIRCULA:object; ESCALA_VIS:int64; VELOCIDAD:object; UNION_INI:int64; UNION_FIN:int64; LONGITUD:float64; ANCHO:float64; FECHA_ACT:object; CALIREPR:object,"{""minx"": -98.42234056599995, ""miny"": 19.19315136247513, ""maxx"": -98.33869646232992, ""maxy"": 19.229231193195034}",ok_geopandas_fallback,pyogrio_read_info fallo: The truth value of an array with more than one element is ambiguous. Use a.any() or a.all()
data\raw\agebs\xalmimilulco\INEGI_Carreteras_.shp,INEGI_Carreteras_.shp,agebs\xalmimilulco,88,LineString,"GEOGCS[""WGS84(DD)"",DATUM[""WGS84"",SPHEROID[""WGS84"",6378137,298.257223563]],PRIMEM[""Greenwich"",0],UNIT[""degree"",0.0174532925199433],AXIS[""Longitude"",EAST],AXIS[""Latitude"",NORTH]]",OGR_FID; ID_RED; TIPO_VIAL; NOMBRE; CODIGO; COND_PAV; RECUBRI; CARRILES; ESTATUS; CONDICION; NIVEL; PEAJE; ADMINISTRA; JURISDI; CIRCULA; ESCALA_VIS; VELOCIDAD; UNION_INI; UNION_FIN; LONGITUD; ANCHO; FECHA_ACT; CALIREPR,OGR_FID:int32; ID_RED:int64; TIPO_VIAL:object; NOMBRE:object; CODIGO:object; COND_PAV:object; RECUBRI:object; CARRILES:object; ESTATUS:object; CONDICION:object; NIVEL:int32; PEAJE:object; ADMINISTRA:object; JURISDI:object; CIRCULA:object; ESCALA_VIS:int64; VELOCIDAD:object; UNION_INI:int64; UNION_FIN:int64; LONGITUD:float64; ANCHO:float64; FECHA_ACT:object; CALIREPR:object,"{""minx"": -98.43022389347392, ""miny"": 19.193146519240504, ""maxx"": -98.33869646232993, ""maxy"": 19.229230935884612}",ok_geopandas_fallback,pyogrio_read_info fallo: The truth value of an array with more than one element is ambiguous. Use a.any() or a.all()
data\raw\agebs\xalmimilulco\INEGI_Cuencas_.shp,INEGI_Cuencas_.shp,agebs\xalmimilulco,1,Polygon,"GEOGCS[""WGS84(DD)"",DATUM[""WGS84"",SPHEROID[""WGS84"",6378137,298.257223563]],PRIMEM[""Greenwich"",0],UNIT[""degree"",0.0174532925199433],AXIS[""Longitude"",EAST],AXIS[""Latitude"",NORTH]]",CVECUENCA; CVE_RH; RH; CUENCA; AREA_KM2; PERIMETRO,CVECUENCA:object; CVE_RH:object; RH:object; CUENCA:object; AREA_KM2:int32; PERIMETRO:int32,"{""minx"": -98.43022389347394, ""miny"": 19.193145698257425, ""maxx"": -98.33869646232998, ""maxy"": 19.229225557093045}",ok_geopandas_fallback,pyogrio_read_info fallo: The truth value of an array with more than one element is ambiguous. Use a.any() or a.all()
data\raw\agebs\xalmimilulco\INEGI_DENUE_.shp,INEGI_DENUE_.shp,agebs\xalmimilulco,2059,Point,"GEOGCS[""WGS84(DD)"",DATUM[""WGS84"",SPHEROID[""WGS84"",6378137,298.257223563]],PRIMEM[""Greenwich"",0],UNIT[""degree"",0.0174532925199433],AXIS[""Longitude"",EAST],AXIS[""Latitude"",NORTH]]",id_llave_r; subsector_; rama_activ; subrama_ac; clase_acti; estrato_pe; x; y,id_llave_r:int32; subsector_:object; rama_activ:object; subrama_ac:object; clase_acti:object; estrato_pe:object; x:float64; y:float64,"{""minx"": -98.42401037, ""miny"": 19.19323052, ""maxx"": -98.3387058, ""maxy"": 19.229119}",ok_geopandas_fallback,pyogrio_read_info fallo: The truth value of an array with more than one element is ambiguous. Use a.any() or a.all()
data\raw\agebs\xalmimilulco\INEGI_Estatal_.shp,INEGI_Estatal_.shp,agebs\xalmimilulco,2,Polygon,"GEOGCS[""WGS84(DD)"",DATUM[""WGS84"",SPHEROID[""WGS84"",6378137,298.257223563]],PRIMEM[""Greenwich"",0],UNIT[""degree"",0.0174532925199433],AXIS[""Longitude"",EAST],AXIS[""Latitude"",NORTH]]",ID; NOMBRE,ID:object; NOMBRE:object,"{""minx"": -98.43022389347394, ""miny"": 19.193145698257425, ""maxx"": -98.33869646232992, ""maxy"": 19.229230435345897}",ok_geopandas_fallback,pyogrio_read_info fallo: The truth value of an array with more than one element is ambiguous. Use a.any() or a.all()
data\raw\agebs\xalmimilulco\INEGI_Localidad_.shp,INEGI_Localidad_.shp,agebs\xalmimilulco,11,Polygon,"GEOGCS[""WGS84(DD)"",DATUM[""WGS84"",SPHEROID[""WGS84"",6378137,298.257223563]],PRIMEM[""Greenwich"",0],UNIT[""degree"",0.0174532925199433],AXIS[""Longitude"",EAST],AXIS[""Latitude"",NORTH]]",ID; NOMBRE,ID:object; NOMBRE:object,"{""minx"": -98.42728289553509, ""miny"": 19.19314651246584, ""maxx"": -98.33869646232988, ""maxy"": 19.229225820769926}",ok_geopandas_fallback,pyogrio_read_info fallo: The truth value of an array with more than one element is ambiguous. Use a.any() or a.all()
data\raw\agebs\xalmimilulco\INEGI_Manzanas_.shp,INEGI_Manzanas_.shp,agebs\xalmimilulco,233,Polygon,"GEOGCS[""WGS84(DD)"",DATUM[""WGS84"",SPHEROID[""WGS84"",6378137,298.257223563]],PRIMEM[""Greenwich"",0],UNIT[""degree"",0.0174532925199433],AXIS[""Longitude"",EAST],AXIS[""Latitude"",NORTH]]",CVEGEO; CVE_ENT; NOM_ENT; CVE_MUN; NOM_MUN; CVE_LOC; NOM_LOC; CVE_AGEB; CVE_MZA; POBTOT; POBFEM; POBMAS; POB0_14; POB0_14_P; P15A29A; P15A29A_P; P30A59A; P30A59A_P; P_60YMAS; P_60YMAS_P; P_CD_T; P_CD_P; GRAPROES; GRAPROES_F; GRAPROES_M; VIVTOT; VIVPAR; VIVPAR_P; TVIPAHAB; TVIPAHAB_P; VIVNOHAB; VIVNOHAB_P; PROM_OCUP; PRO_OCUP_C; V3MASOCU; V3MASOCU_P; VPH_PIDT; VPH_PIDT_P; VPH_C_EL; VPH_C_EL_P; VPH_EXSA; VPH_EXSA_P; VPH_DREN; VPH_DREN_P; RECUCALL_C; RAMPAS_C; PASOPEAT_C; BANQUETA_C; GUARNICI_C; CICLOVIA_C; CICLOCAR_C; ALUMPUB_C; LETRERO_C; TELPUB_C; ARBOLES_C; DRENAJEP_C; TRANSCOL_C; ACESOPER_C; ACESOAUT_C; PUESSEMI_C; PUESAMBU_C; RECUCALL_D; RAMPAS_D; BANQUETA_D; GUARNICI_D; ALUMPUB_D; LETRERO_D; TELPUB_D; ARBOLES_D; DRENAJEP_D; TRANSCOL_D; ACESOPER_D; ACESOAUT_D; PUESSEMI_D; PUESAMBU_D; FECHA_INF; FECHA_POLI,CVEGEO:object; CVE_ENT:object; NOM_ENT:object; CVE_MUN:object; NOM_MUN:object; CVE_LOC:object; NOM_LOC:object; CVE_AGEB:object; CVE_MZA:object; POBTOT:int32; POBFEM:object; POBMAS:object; POB0_14:int32; POB0_14_P:float64; P15A29A:int32; P15A29A_P:float64; P30A59A:int32; P30A59A_P:float64; P_60YMAS:int32; P_60YMAS_P:float64; P_CD_T:int32; P_CD_P:float64; GRAPROES:float64; GRAPROES_F:object; GRAPROES_M:object; VIVTOT:int32; VIVPAR:int32; VIVPAR_P:float64; TVIPAHAB:int32; TVIPAHAB_P:float64; VIVNOHAB:int32; VIVNOHAB_P:float64; PROM_OCUP:object; PRO_OCUP_C:float64; V3MASOCU:int32; V3MASOCU_P:float64; VPH_PIDT:int32; VPH_PIDT_P:float64; VPH_C_EL:int32; VPH_C_EL_P:float64; VPH_EXSA:int32; VPH_EXSA_P:float64; VPH_DREN:int32; VPH_DREN_P:float64; RECUCALL_C:object; RAMPAS_C:object; PASOPEAT_C:object; BANQUETA_C:object; GUARNICI_C:object; CICLOVIA_C:object; CICLOCAR_C:object; ALUMPUB_C:object; LETRERO_C:object; TELPUB_C:object; ARBOLES_C:object; DRENAJEP_C:object; TRANSCOL_C:object; ACESOPER_C:object; ACESOAUT_C:object; PUESSEMI_C:object; PUESAMBU_C:object; RECUCALL_D:object; RAMPAS_D:object; BANQUETA_D:object; GUARNICI_D:object; ALUMPUB_D:object; LETRERO_D:object; TELPUB_D:object; ARBOLES_D:object; DRENAJEP_D:object; TRANSCOL_D:object; ACESOPER_D:object; ACESOAUT_D:object; PUESSEMI_D:object; PUESAMBU_D:object; FECHA_INF:int32; FECHA_POLI:int32,"{""minx"": -98.4272252218777, ""miny"": 19.193146533363006, ""maxx"": -98.33869646232988, ""maxy"": 19.229069580157557}",ok_geopandas_fallback,pyogrio_read_info fallo: The truth value of an array with more than one element is ambiguous. Use a.any() or a.all()
data\raw\agebs\xalmimilulco\INEGI_Regiones_.shp,INEGI_Regiones_.shp,agebs\xalmimilulco,1,Polygon,"GEOGCS[""WGS84(DD)"",DATUM[""WGS84"",SPHEROID[""WGS84"",6378137,298.257223563]],PRIMEM[""Greenwich"",0],UNIT[""degree"",0.0174532925199433],AXIS[""Longitude"",EAST],AXIS[""Latitude"",NORTH]]",IDDB; ID; CVE_RH; RH; AREA_KM2; PERIMETRO,IDDB:int32; ID:int32; CVE_RH:object; RH:object; AREA_KM2:int32; PERIMETRO:int32,"{""minx"": -98.43022389347394, ""miny"": 19.193145698257425, ""maxx"": -98.33869646232998, ""maxy"": 19.229225557093045}",ok_geopandas_fallback,pyogrio_read_info fallo: The truth value of an array with more than one element is ambiguous. Use a.any() or a.all()
data\raw\agebs\xalmimilulco\INEGI_Subcuencas_.shp,INEGI_Subcuencas_.shp,agebs\xalmimilulco,1,Polygon,"GEOGCS[""WGS84(DD)"",DATUM[""WGS84"",SPHEROID[""WGS84"",6378137,298.257223563]],PRIMEM[""Greenwich"",0],UNIT[""degree"",0.0174532925199433],AXIS[""Longitude"",EAST],AXIS[""Latitude"",NORTH]]",ID; CVE_SUBCUE; CVE_RH; RH; CVECUENCA; CUENCA; SUBCUENCA; AREA_KM2; PERIMETRO; Cuenca_hid,ID:int32; CVE_SUBCUE:object; CVE_RH:object; RH:object; CVECUENCA:object; CUENCA:object; SUBCUENCA:object; AREA_KM2:int32; PERIMETRO:int32; Cuenca_hid:object,"{""minx"": -98.43022389347394, ""miny"": 19.193145698257425, ""maxx"": -98.33869646232998, ""maxy"": 19.229225557093045}",ok_geopandas_fallback,pyogrio_read_info fallo: The truth value of an array with more than one element is ambiguous. Use a.any() or a.all()
data\raw\agebs\xalmimilulco\INEGI_Vialidades_.shp,INEGI_Vialidades_.shp,agebs\xalmimilulco,1144,LineString,"GEOGCS[""WGS84(DD)"",DATUM[""WGS84"",SPHEROID[""WGS84"",6378137,298.257223563]],PRIMEM[""Greenwich"",0],UNIT[""degree"",0.0174532925199433],AXIS[""Longitude"",EAST],AXIS[""Latitude"",NORTH]]",CVEGEO; TIPO_VIAL; NOM_VIAL; SENTIDO; FECHA_ACT,CVEGEO:object; TIPO_VIAL:object; NOM_VIAL:object; SENTIDO:object; FECHA_ACT:object,"{""minx"": -98.42724237454638, ""miny"": 19.193146521790165, ""maxx"": -98.33869646232988, ""maxy"": 19.22922582077048}",ok_geopandas_fallback,pyogrio_read_info fallo: The truth value of an array with more than one element is ambiguous. Use a.any() or a.all()
data\raw\hidrografia_atoyac\RH18A\RH18\RH18A\RH18Ad\RH18Ad_dr.shp,RH18Ad_dr.shp,hidrografia_atoyac\RH18A\RH18\RH18A\RH18Ad,4,Point,EPSG:4019,ID; CVE_SUBC; TIPO; CONDICION; ID_DRENA; ARBSUM; NUM_LIN,ID:int64; CVE_SUBC:object; TIPO:int64; CONDICION:object; ID_DRENA:int64; ARBSUM:int64; NUM_LIN:int64,"{""minx"": -98.33301218459998, ""miny"": 18.955252697299997, ""maxx"": -98.26614074959997, ""maxy"": 19.078970923099995}",ok_geopandas_fallback,pyogrio_read_info fallo: The truth value of an array with more than one element is ambiguous. Use a.any() or a.all()
data\raw\hidrografia_atoyac\RH18A\RH18\RH18A\RH18Ad\RH18Ad_ha.shp,RH18Ad_ha.shp,hidrografia_atoyac\RH18A\RH18\RH18A\RH18Ad,243,Polygon,EPSG:4019,IDBD; FC; CONDICION,IDBD:int64; FC:int64; CONDICION:object,"{""minx"": -98.67340106153844, ""miny"": 18.95122944615386, ""maxx"": -98.07018370769225, ""maxy"": 19.488908184615376}",ok_geopandas_fallback,pyogrio_read_info fallo: The truth value of an array with more than one element is ambiguous. Use a.any() or a.all()
data\raw\hidrografia_atoyac\RH18A\RH18\RH18A\RH18Ad\RH18Ad_hl.shp,RH18Ad_hl.shp,hidrografia_atoyac\RH18A\RH18\RH18A\RH18Ad,6097,LineString,EPSG:4019,ID; CVE_SUBC; CLAVE50K; TIPO; ENTIDAD; FC; CONDICION; EDICION; FECHA; LENGTHM; ID_DRENA; FLOWDIR; ENABLED; DESC_ENABL; CALI_REPR; SEQUENCEID; ORDER_1; LEVEL_1; ARBSUM_1; PATHL_1,ID:int64; CVE_SUBC:object; CLAVE50K:object; TIPO:int64; ENTIDAD:object; FC:int64; CONDICION:object; EDICION:object; FECHA:datetime64[ms]; LENGTHM:float64; ID_DRENA:int32; FLOWDIR:int64; ENABLED:int32; DESC_ENABL:object; CALI_REPR:int64; SEQUENCEID:float64; ORDER_1:int64; LEVEL_1:int64; ARBSUM_1:float64; PATHL_1:float64,"{""minx"": -98.72164986149997, ""miny"": 18.917548092299995, ""maxx"": -98.03277032309998, ""maxy"": 19.489375246199995}",ok_geopandas_fallback,pyogrio_read_info fallo: The truth value of an array with more than one element is ambiguous. Use a.any() or a.all()
data\raw\hidrografia_atoyac\RH18A\RH18\RH18A\RH18Ad\RH18Ad_subc.shp,RH18Ad_subc.shp,hidrografia_atoyac\RH18A\RH18\RH18A\RH18Ad,1,Polygon,EPSG:4019,ID; CVE_SUBCUE; CVE_RH; RH; CVE_CUE; CUENCA; CVE_SUBC; SUBCUENCA; AREA_KM2; PERIMETRO; TIPO; DRENAJE1; DESCARGA1; DRENAJE2; DESCARGA2; DRENAJE3; DESCARGA3; DRENAJE4; DESCARGA4; TOT_DESC,ID:float64; CVE_SUBCUE:object; CVE_RH:object; RH:object; CVE_CUE:object; CUENCA:object; CVE_SUBC:object; SUBCUENCA:object; AREA_KM2:float64; PERIMETRO:float64; TIPO:object; DRENAJE1:object; DESCARGA1:int32; DRENAJE2:object; DESCARGA2:int32; DRENAJE3:object; DESCARGA3:int32; DRENAJE4:object; DESCARGA4:int32; TOT_DESC:int32,"{""minx"": -98.7228506622797, ""miny"": 18.914545061120272, ""maxx"": -98.02963865827968, ""maxy"": 19.493050491120314}",ok_geopandas_fallback,pyogrio_read_info fallo: The truth value of an array with more than one element is ambiguous. Use a.any() or a.all()
data\raw\hidrografia_atoyac\RH18A\RH18\RH18A\RH18Ad\RH18Ad_to.shp,RH18Ad_to.shp,hidrografia_atoyac\RH18A\RH18\RH18A\RH18Ad,313,Point,EPSG:4019,JOIN_COUNT; FC; IDENTIFICA; LATITUD; LONGITUD; X_CCL; X_UTM; Y_CCL; Y_UTM; CALI_REPR; CLASE; TERMINO_GE; NOMBRE; NOMBRE_COM; NOMBRE_REG; CARTA; GEOMETRIA_; COMOD; CVE_EDO; NOM_EDOM; CVE_MUN; NOM_MUNM,JOIN_COUNT:float64; FC:object; IDENTIFICA:object; LATITUD:object; LONGITUD:object; X_CCL:object; X_UTM:object; Y_CCL:object; Y_UTM:object; CALI_REPR:object; CLASE:object; TERMINO_GE:object; NOMBRE:object; NOMBRE_COM:object; NOMBRE_REG:object; CARTA:object; GEOMETRIA_:float64; COMOD:int64; CVE_EDO:object; NOM_EDOM:object; CVE_MUN:object; NOM_MUNM:object,"{""minx"": -98.7165486153846, ""miny"": 18.93695778461538, ""maxx"": -98.05036027692306, ""maxy"": 19.47694583076923}",ok_geopandas_fallback,pyogrio_read_info fallo: The truth value of an array with more than one element is ambiguous. Use a.any() or a.all()
data\raw\hidrografia_atoyac\RH18Aa\RH18\RH18A\RH18Aa\RH18Aa_dr.shp,RH18Aa_dr.shp,hidrografia_atoyac\RH18Aa\RH18\RH18A\RH18Aa,1,Point,EPSG:4019,ID; CVE_SUBC; TIPO; CONDICION; ID_DRENA; ARBSUM; NUM_LIN,ID:int64; CVE_SUBC:object; TIPO:int64; CONDICION:object; ID_DRENA:int64; ARBSUM:int64; NUM_LIN:int64,"{""minx"": -98.81279615889997, ""miny"": 18.070352503899997, ""maxx"": -98.81279615889997, ""maxy"": 18.070352503899997}",ok_geopandas_fallback,pyogrio_read_info fallo: The truth value of an array with more than one element is ambiguous. Use a.any() or a.all()
data\raw\hidrografia_atoyac\RH18Aa\RH18\RH18A\RH18Aa\RH18Aa_ha.shp,RH18Aa_ha.shp,hidrografia_atoyac\RH18Aa\RH18\RH18A\RH18Aa,13,MultiPolygon; Polygon,EPSG:4019,IDBD; FC; CONDICION,IDBD:int64; FC:int64; CONDICION:object,"{""minx"": -98.81363024615376, ""miny"": 18.026471584615365, ""maxx"": -98.19999812830886, ""maxy"": 18.590844405977634}",ok_geopandas_fallback,pyogrio_read_info fallo: The truth value of an array with more than one element is ambiguous. Use a.any() or a.all()
data\raw\hidrografia_atoyac\RH18Aa\RH18\RH18A\RH18Aa\RH18Aa_hl.shp,RH18Aa_hl.shp,hidrografia_atoyac\RH18Aa\RH18\RH18A\RH18Aa,6343,LineString,EPSG:4019,ID; CVE_SUBC; CLAVE50K; TIPO; ENTIDAD; FC; CONDICION; EDICION; FECHA; LENGTHM; ID_DRENA; FLOWDIR; ENABLED; DESC_ENABL; CALI_REPR; SEQUENCEID; ORDER_1; LEVEL_1; ARBSUM_1; PATHL_1,ID:int64; CVE_SUBC:object; CLAVE50K:object; TIPO:int64; ENTIDAD:object; FC:int64; CONDICION:object; EDICION:object; FECHA:datetime64[ms]; LENGTHM:float64; ID_DRENA:int32; FLOWDIR:int64; ENABLED:int32; DESC_ENABL:object; CALI_REPR:int64; SEQUENCEID:float64; ORDER_1:int64; LEVEL_1:int64; ARBSUM_1:float64; PATHL_1:float64,"{""minx"": -98.84855970769998, ""miny"": 17.973427384599994, ""maxx"": -97.98594275379997, ""maxy"": 18.677358338499996}",ok_geopandas_fallback,pyogrio_read_info fallo: The truth value of an array with more than one element is ambiguous. Use a.any() or a.all()
data\raw\hidrografia_atoyac\RH18Aa\RH18\RH18A\RH18Aa\RH18Aa_subc.shp,RH18Aa_subc.shp,hidrografia_atoyac\RH18Aa\RH18\RH18A\RH18Aa,1,Polygon,EPSG:4019,ID; CVE_SUBCUE; CVE_RH; RH; CVE_CUE; CUENCA; CVE_SUBC; SUBCUENCA; AREA_KM2; PERIMETRO; TIPO; DRENAJE1; DESCARGA1; DRENAJE2; DESCARGA2; DRENAJE3; DESCARGA3; DRENAJE4; DESCARGA4; TOT_DESC,ID:float64; CVE_SUBCUE:object; CVE_RH:object; RH:object; CVE_CUE:object; CUENCA:object; CVE_SUBC:object; SUBCUENCA:object; AREA_KM2:float64; PERIMETRO:float64; TIPO:object; DRENAJE1:object; DESCARGA1:int32; DRENAJE2:object; DESCARGA2:int32; DRENAJE3:object; DESCARGA3:int32; DRENAJE4:object; DESCARGA4:int32; TOT_DESC:int32,"{""minx"": -98.8494632522797, ""miny"": 17.970524049120346, ""maxx"": -97.98326256027961, ""maxy"": 18.67768800112029}",ok_geopandas_fallback,pyogrio_read_info fallo: The truth value of an array with more than one element is ambiguous. Use a.any() or a.all()
data\raw\hidrografia_atoyac\RH18Aa\RH18\RH18A\RH18Aa\RH18Aa_to.shp,RH18Aa_to.shp,hidrografia_atoyac\RH18Aa\RH18\RH18A\RH18Aa,429,Point,EPSG:4019,JOIN_COUNT; FC; IDENTIFICA; LATITUD; LONGITUD; X_CCL; X_UTM; Y_CCL; Y_UTM; CALI_REPR; CLASE; TERMINO_GE; NOMBRE; NOMBRE_COM; NOMBRE_REG; CARTA; GEOMETRIA_; COMOD; CVE_EDO; NOM_EDOM; CVE_MUN; NOM_MUNM,JOIN_COUNT:float64; FC:object; IDENTIFICA:object; LATITUD:object; LONGITUD:object; X_CCL:object; X_UTM:object; Y_CCL:object; Y_UTM:object; CALI_REPR:object; CLASE:object; TERMINO_GE:object; NOMBRE:object; NOMBRE_COM:object; NOMBRE_REG:object; CARTA:object; GEOMETRIA_:float64; COMOD:int64; CVE_EDO:object; NOM_EDOM:object; CVE_MUN:object; NOM_MUNM:object,"{""minx"": -98.83563306153843, ""miny"": 17.979458615384612, ""maxx"": -97.99177499999998, ""maxy"": 18.66922833846153}",ok_geopandas_fallback,pyogrio_read_info fallo: The truth value of an array with more than one element is ambiguous. Use a.any() or a.all()
data\raw\hidrografia_atoyac\RH18Ab\RH18\RH18A\RH18Ab\RH18Ab_dr.shp,RH18Ab_dr.shp,hidrografia_atoyac\RH18Ab\RH18\RH18A\RH18Ab,10,Point,EPSG:4019,ID; CVE_SUBC; TIPO; CONDICION; ID_DRENA; ARBSUM; NUM_LIN,ID:int64; CVE_SUBC:object; TIPO:int64; CONDICION:object; ID_DRENA:int64; ARBSUM:int64; NUM_LIN:int64,"{""minx"": -98.20216950469998, ""miny"": 18.588212672099996, ""maxx"": -97.70600887689997, ""maxy"": 19.125729118299997}",ok_geopandas_fallback,pyogrio_read_info fallo: The truth value of an array with more than one element is ambiguous. Use a.any() or a.all()
data\raw\hidrografia_atoyac\RH18Ab\RH18\RH18A\RH18Ab\RH18Ab_ha.shp,RH18Ab_ha.shp,hidrografia_atoyac\RH18Ab\RH18\RH18A\RH18Ab,152,MultiPolygon; Polygon,EPSG:4019,IDBD; FC; CONDICION,IDBD:int64; FC:int64; CONDICION:object,"{""minx"": -98.20601869010065, ""miny"": 18.535684876923085, ""maxx"": -97.46564693846149, ""maxy"": 19.17370767692309}",ok_geopandas_fallback,pyogrio_read_info fallo: The truth value of an array with more than one element is ambiguous. Use a.any() or a.all()
data\raw\hidrografia_atoyac\RH18Ab\RH18\RH18A\RH18Ab\RH18Ab_hl.shp,RH18Ab_hl.shp,hidrografia_atoyac\RH18Ab\RH18\RH18A\RH18Ab,7282,LineString,EPSG:4019,ID; CVE_SUBC; CLAVE50K; TIPO; ENTIDAD; FC; CONDICION; EDICION; FECHA; LENGTHM; ID_DRENA; FLOWDIR; ENABLED; DESC_ENABL; CALI_REPR; SEQUENCEID; ORDER_1; LEVEL_1; ARBSUM_1; PATHL_1,ID:int64; CVE_SUBC:object; CLAVE50K:object; TIPO:int64; ENTIDAD:object; FC:int64; CONDICION:object; EDICION:object; FECHA:datetime64[ms]; LENGTHM:float64; ID_DRENA:int32; FLOWDIR:int64; ENABLED:int32; DESC_ENABL:object; CALI_REPR:int64; SEQUENCEID:float64; ORDER_1:int64; LEVEL_1:int64; ARBSUM_1:float64; PATHL_1:float64,"{""minx"": -98.31543661539997, ""miny"": 18.462527138499993, ""maxx"": -97.4382313077, ""maxy"": 19.228601918399995}",ok_geopandas_fallback,pyogrio_read_info fallo: The truth value of an array with more than one element is ambiguous. Use a.any() or a.all()
data\raw\hidrografia_atoyac\RH18Ab\RH18\RH18A\RH18Ab\RH18Ab_subc.shp,RH18Ab_subc.shp,hidrografia_atoyac\RH18Ab\RH18\RH18A\RH18Ab,1,Polygon,EPSG:4019,ID; CVE_SUBCUE; CVE_RH; RH; CVE_CUE; CUENCA; CVE_SUBC; SUBCUENCA; AREA_KM2; PERIMETRO; TIPO; DRENAJE1; DESCARGA1; DRENAJE2; DESCARGA2; DRENAJE3; DESCARGA3; DRENAJE4; DESCARGA4; TOT_DESC,ID:float64; CVE_SUBCUE:object; CVE_RH:object; RH:object; CVE_CUE:object; CUENCA:object; CVE_SUBC:object; SUBCUENCA:object; AREA_KM2:float64; PERIMETRO:float64; TIPO:object; DRENAJE1:object; DESCARGA1:int32; DRENAJE2:object; DESCARGA2:int32; DRENAJE3:object; DESCARGA3:int32; DRENAJE4:object; DESCARGA4:int32; TOT_DESC:int32,"{""minx"": -98.31697039727968, ""miny"": 18.45978647912026, ""maxx"": -97.43306989327961, ""maxy"": 19.230556714120286}",ok_geopandas_fallback,pyogrio_read_info fallo: The truth value of an array with more than one element is ambiguous. Use a.any() or a.all()
data\raw\hidrografia_atoyac\RH18Ab\RH18\RH18A\RH18Ab\RH18Ab_to.shp,RH18Ab_to.shp,hidrografia_atoyac\RH18Ab\RH18\RH18A\RH18Ab,628,Point,EPSG:4019,JOIN_COUNT; FC; IDENTIFICA; LATITUD; LONGITUD; X_CCL; X_UTM; Y_CCL; Y_UTM; CALI_REPR; CLASE; TERMINO_GE; NOMBRE; NOMBRE_COM; NOMBRE_REG; CARTA; GEOMETRIA_; COMOD; CVE_EDO; NOM_EDOM; CVE_MUN; NOM_MUNM,JOIN_COUNT:float64; FC:object; IDENTIFICA:object; LATITUD:object; LONGITUD:object; X_CCL:object; X_UTM:object; Y_CCL:object; Y_UTM:object; CALI_REPR:object; CLASE:object; TERMINO_GE:object; NOMBRE:object; NOMBRE_COM:object; NOMBRE_REG:object; CARTA:object; GEOMETRIA_:float64; COMOD:int64; CVE_EDO:object; NOM_EDOM:object; CVE_MUN:object; NOM_MUNM:object,"{""minx"": -98.30394889230766, ""miny"": 18.474867492307688, ""maxx"": -97.45069027692303, ""maxy"": 19.218471107692306}",ok_geopandas_fallback,pyogrio_read_info fallo: The truth value of an array with more than one element is ambiguous. Use a.any() or a.all()
data\raw\hidrografia_atoyac\RH18Ac\RH18\RH18A\RH18Ac\RH18Ac_dr.shp,RH18Ac_dr.shp,hidrografia_atoyac\RH18Ac\RH18\RH18A\RH18Ac,1,Point,EPSG:4019,ID; CVE_SUBC; TIPO; CONDICION; ID_DRENA; ARBSUM; NUM_LIN,ID:int64; CVE_SUBC:object; TIPO:int64; CONDICION:object; ID_DRENA:int64; ARBSUM:int64; NUM_LIN:int64,"{""minx"": -98.10843815379998, ""miny"": 18.9120337231, ""maxx"": -98.10843815379998, ""maxy"": 18.9120337231}",ok_geopandas_fallback,pyogrio_read_info fallo: The truth value of an array with more than one element is ambiguous. Use a.any() or a.all()
data\raw\hidrografia_atoyac\RH18Ac\RH18\RH18A\RH18Ac\RH18Ac_ha.shp,RH18Ac_ha.shp,hidrografia_atoyac\RH18Ac\RH18\RH18A\RH18Ac,13,Polygon,EPSG:4019,IDBD; FC; CONDICION,IDBD:int64; FC:int64; CONDICION:object,"{""minx"": -98.28681556923075, ""miny"": 18.88002472307695, ""maxx"": -98.10810352307688, ""maxy"": 19.007962292307667}",ok_geopandas_fallback,pyogrio_read_info fallo: The truth value of an array with more than one element is ambiguous. Use a.any() or a.all()
data\raw\hidrografia_atoyac\RH18Ac\RH18\RH18A\RH18Ac\RH18Ac_hl.shp,RH18Ac_hl.shp,hidrografia_atoyac\RH18Ac\RH18\RH18A\RH18Ac,408,LineString,EPSG:4019,ID; CVE_SUBC; CLAVE50K; TIPO; ENTIDAD; FC; CONDICION; EDICION; FECHA; LENGTHM; ID_DRENA; FLOWDIR; ENABLED; DESC_ENABL; CALI_REPR; SEQUENCEID; ORDER_1; LEVEL_1; ARBSUM_1; PATHL_1,ID:int64; CVE_SUBC:object; CLAVE50K:object; TIPO:int64; ENTIDAD:object; FC:int64; CONDICION:object; EDICION:object; FECHA:datetime64[ms]; LENGTHM:float64; ID_DRENA:int32; FLOWDIR:int64; ENABLED:int32; DESC_ENABL:object; CALI_REPR:int64; SEQUENCEID:float64; ORDER_1:int64; LEVEL_1:int64; ARBSUM_1:float64; PATHL_1:float64,"{""minx"": -98.29313371259998, ""miny"": 18.862536615399996, ""maxx"": -98.10843815379998, ""maxy"": 18.988506430799994}",ok_geopandas_fallback,pyogrio_read_info fallo: The truth value of an array with more than one element is ambiguous. Use a.any() or a.all()
data\raw\hidrografia_atoyac\RH18Ac\RH18\RH18A\RH18Ac\RH18Ac_subc.shp,RH18Ac_subc.shp,hidrografia_atoyac\RH18Ac\RH18\RH18A\RH18Ac,1,Polygon,EPSG:4019,ID; CVE_SUBCUE; CVE_RH; RH; CVE_CUE; CUENCA; CVE_SUBC; SUBCUENCA; AREA_KM2; PERIMETRO; TIPO; DRENAJE1; DESCARGA1; DRENAJE2; DESCARGA2; DRENAJE3; DESCARGA3; DRENAJE4; DESCARGA4; TOT_DESC,ID:float64; CVE_SUBCUE:object; CVE_RH:object; RH:object; CVE_CUE:object; CUENCA:object; CVE_SUBC:object; SUBCUENCA:object; AREA_KM2:float64; PERIMETRO:float64; TIPO:object; DRENAJE1:object; DESCARGA1:int32; DRENAJE2:object; DESCARGA2:int32; DRENAJE3:object; DESCARGA3:int32; DRENAJE4:object; DESCARGA4:int32; TOT_DESC:int32,"{""minx"": -98.2944420372797, ""miny"": 18.86108447912032, ""maxx"": -98.10788455027966, ""maxy"": 19.012348035120336}",ok_geopandas_fallback,pyogrio_read_info fallo: The truth value of an array with more than one element is ambiguous. Use a.any() or a.all()
data\raw\hidrografia_atoyac\RH18Ac\RH18\RH18A\RH18Ac\RH18Ac_to.shp,RH18Ac_to.shp,hidrografia_atoyac\RH18Ac\RH18\RH18A\RH18Ac,28,Point,EPSG:4019,JOIN_COUNT; FC; IDENTIFICA; LATITUD; LONGITUD; X_CCL; X_UTM; Y_CCL; Y_UTM; CALI_REPR; CLASE; TERMINO_GE; NOMBRE; NOMBRE_COM; NOMBRE_REG; CARTA; GEOMETRIA_; COMOD; CVE_EDO; NOM_EDOM; CVE_MUN; NOM_MUNM,JOIN_COUNT:float64; FC:object; IDENTIFICA:object; LATITUD:object; LONGITUD:object; X_CCL:object; X_UTM:object; Y_CCL:object; Y_UTM:object; CALI_REPR:object; CLASE:object; TERMINO_GE:object; NOMBRE:object; NOMBRE_COM:object; NOMBRE_REG:object; CARTA:object; GEOMETRIA_:float64; COMOD:int64; CVE_EDO:object; NOM_EDOM:object; CVE_MUN:object; NOM_MUNM:object,"{""minx"": -98.27663666153843, ""miny"": 18.86862583076923, ""maxx"": -98.1085211076923, ""maxy"": 18.99204138461538}",ok_geopandas_fallback,pyogrio_read_info fallo: The truth value of an array with more than one element is ambiguous. Use a.any() or a.all()
data\raw\hidrografia_atoyac\RH18Ad\RH18\RH18A\RH18Ad\RH18Ad_dr.shp,RH18Ad_dr.shp,hidrografia_atoyac\RH18Ad\RH18\RH18A\RH18Ad,4,Point,EPSG:4019,ID; CVE_SUBC; TIPO; CONDICION; ID_DRENA; ARBSUM; NUM_LIN,ID:int64; CVE_SUBC:object; TIPO:int64; CONDICION:object; ID_DRENA:int64; ARBSUM:int64; NUM_LIN:int64,"{""minx"": -98.33301218459998, ""miny"": 18.955252697299997, ""maxx"": -98.26614074959997, ""maxy"": 19.078970923099995}",ok_geopandas_fallback,pyogrio_read_info fallo: The truth value of an array with more than one element is ambiguous. Use a.any() or a.all()
data\raw\hidrografia_atoyac\RH18Ad\RH18\RH18A\RH18Ad\RH18Ad_ha.shp,RH18Ad_ha.shp,hidrografia_atoyac\RH18Ad\RH18\RH18A\RH18Ad,243,Polygon,EPSG:4019,IDBD; FC; CONDICION,IDBD:int64; FC:int64; CONDICION:object,"{""minx"": -98.67340106153844, ""miny"": 18.95122944615386, ""maxx"": -98.07018370769225, ""maxy"": 19.488908184615376}",ok_geopandas_fallback,pyogrio_read_info fallo: The truth value of an array with more than one element is ambiguous. Use a.any() or a.all()
data\raw\hidrografia_atoyac\RH18Ad\RH18\RH18A\RH18Ad\RH18Ad_hl.shp,RH18Ad_hl.shp,hidrografia_atoyac\RH18Ad\RH18\RH18A\RH18Ad,6097,LineString,EPSG:4019,ID; CVE_SUBC; CLAVE50K; TIPO; ENTIDAD; FC; CONDICION; EDICION; FECHA; LENGTHM; ID_DRENA; FLOWDIR; ENABLED; DESC_ENABL; CALI_REPR; SEQUENCEID; ORDER_1; LEVEL_1; ARBSUM_1; PATHL_1,ID:int64; CVE_SUBC:object; CLAVE50K:object; TIPO:int64; ENTIDAD:object; FC:int64; CONDICION:object; EDICION:object; FECHA:datetime64[ms]; LENGTHM:float64; ID_DRENA:int32; FLOWDIR:int64; ENABLED:int32; DESC_ENABL:object; CALI_REPR:int64; SEQUENCEID:float64; ORDER_1:int64; LEVEL_1:int64; ARBSUM_1:float64; PATHL_1:float64,"{""minx"": -98.72164986149997, ""miny"": 18.917548092299995, ""maxx"": -98.03277032309998, ""maxy"": 19.489375246199995}",ok_geopandas_fallback,pyogrio_read_info fallo: The truth value of an array with more than one element is ambiguous. Use a.any() or a.all()
data\raw\hidrografia_atoyac\RH18Ad\RH18\RH18A\RH18Ad\RH18Ad_subc.shp,RH18Ad_subc.shp,hidrografia_atoyac\RH18Ad\RH18\RH18A\RH18Ad,1,Polygon,EPSG:4019,ID; CVE_SUBCUE; CVE_RH; RH; CVE_CUE; CUENCA; CVE_SUBC; SUBCUENCA; AREA_KM2; PERIMETRO; TIPO; DRENAJE1; DESCARGA1; DRENAJE2; DESCARGA2; DRENAJE3; DESCARGA3; DRENAJE4; DESCARGA4; TOT_DESC,ID:float64; CVE_SUBCUE:object; CVE_RH:object; RH:object; CVE_CUE:object; CUENCA:object; CVE_SUBC:object; SUBCUENCA:object; AREA_KM2:float64; PERIMETRO:float64; TIPO:object; DRENAJE1:object; DESCARGA1:int32; DRENAJE2:object; DESCARGA2:int32; DRENAJE3:object; DESCARGA3:int32; DRENAJE4:object; DESCARGA4:int32; TOT_DESC:int32,"{""minx"": -98.7228506622797, ""miny"": 18.914545061120272, ""maxx"": -98.02963865827968, ""maxy"": 19.493050491120314}",ok_geopandas_fallback,pyogrio_read_info fallo: The truth value of an array with more than one element is ambiguous. Use a.any() or a.all()
data\raw\hidrografia_atoyac\RH18Ad\RH18\RH18A\RH18Ad\RH18Ad_to.shp,RH18Ad_to.shp,hidrografia_atoyac\RH18Ad\RH18\RH18A\RH18Ad,313,Point,EPSG:4019,JOIN_COUNT; FC; IDENTIFICA; LATITUD; LONGITUD; X_CCL; X_UTM; Y_CCL; Y_UTM; CALI_REPR; CLASE; TERMINO_GE; NOMBRE; NOMBRE_COM; NOMBRE_REG; CARTA; GEOMETRIA_; COMOD; CVE_EDO; NOM_EDOM; CVE_MUN; NOM_MUNM,JOIN_COUNT:float64; FC:object; IDENTIFICA:object; LATITUD:object; LONGITUD:object; X_CCL:object; X_UTM:object; Y_CCL:object; Y_UTM:object; CALI_REPR:object; CLASE:object; TERMINO_GE:object; NOMBRE:object; NOMBRE_COM:object; NOMBRE_REG:object; CARTA:object; GEOMETRIA_:float64; COMOD:int64; CVE_EDO:object; NOM_EDOM:object; CVE_MUN:object; NOM_MUNM:object,"{""minx"": -98.7165486153846, ""miny"": 18.93695778461538, ""maxx"": -98.05036027692306, ""maxy"": 19.47694583076923}",ok_geopandas_fallback,pyogrio_read_info fallo: The truth value of an array with more than one element is ambiguous. Use a.any() or a.all()
data\raw\hidrografia_atoyac\RH18Ae\RH18\RH18A\RH18Ae\RH18Ae_dr.shp,RH18Ae_dr.shp,hidrografia_atoyac\RH18Ae\RH18\RH18A\RH18Ae,1,Point,EPSG:4019,ID; CVE_SUBC; TIPO; CONDICION; ID_DRENA; ARBSUM; NUM_LIN,ID:int64; CVE_SUBC:object; TIPO:int64; CONDICION:object; ID_DRENA:int64; ARBSUM:int64; NUM_LIN:int64,"{""minx"": -98.76954403359997, ""miny"": 18.126021749299994, ""maxx"": -98.76954403359997, ""maxy"": 18.126021749299994}",ok_geopandas_fallback,pyogrio_read_info fallo: The truth value of an array with more than one element is ambiguous. Use a.any() or a.all()
data\raw\hidrografia_atoyac\RH18Ae\RH18\RH18A\RH18Ae\RH18Ae_ha.shp,RH18Ae_ha.shp,hidrografia_atoyac\RH18Ae\RH18\RH18A\RH18Ae,123,Polygon,EPSG:4019,IDBD; FC; CONDICION,IDBD:int64; FC:int64; CONDICION:object,"{""minx"": -98.89337086153841, ""miny"": 18.139862476923096, ""maxx"": -98.32772896923073, ""maxy"": 19.10706343076923}",ok_geopandas_fallback,pyogrio_read_info fallo: The truth value of an array with more than one element is ambiguous. Use a.any() or a.all()
data\raw\hidrografia_atoyac\RH18Ae\RH18\RH18A\RH18Ae\RH18Ae_hl.shp,RH18Ae_hl.shp,hidrografia_atoyac\RH18Ae\RH18\RH18A\RH18Ae,8870,LineString,EPSG:4019,ID; CVE_SUBC; CLAVE50K; TIPO; ENTIDAD; FC; CONDICION; EDICION; FECHA; LENGTHM; ID_DRENA; FLOWDIR; ENABLED; DESC_ENABL; CALI_REPR; SEQUENCEID; ORDER_1; LEVEL_1; ARBSUM_1; PATHL_1,ID:int64; CVE_SUBC:object; CLAVE50K:object; TIPO:int64; ENTIDAD:object; FC:int64; CONDICION:object; EDICION:object; FECHA:datetime64[ms]; LENGTHM:float64; ID_DRENA:int32; FLOWDIR:int64; ENABLED:int32; DESC_ENABL:object; CALI_REPR:int64; SEQUENCEID:float64; ORDER_1:int64; LEVEL_1:int64; ARBSUM_1:float64; PATHL_1:float64,"{""minx"": -98.93491536919997, ""miny"": 18.085913553899992, ""maxx"": -98.22713429229998, ""maxy"": 19.168146599999996}",ok_geopandas_fallback,pyogrio_read_info fallo: The truth value of an array with more than one element is ambiguous. Use a.any() or a.all()
data\raw\hidrografia_atoyac\RH18Ae\RH18\RH18A\RH18Ae\RH18Ae_subc.shp,RH18Ae_subc.shp,hidrografia_atoyac\RH18Ae\RH18\RH18A\RH18Ae,1,Polygon,EPSG:4019,ID; CVE_SUBCUE; CVE_RH; RH; CVE_CUE; CUENCA; CVE_SUBC; SUBCUENCA; AREA_KM2; PERIMETRO; TIPO; DRENAJE1; DESCARGA1; DRENAJE2; DESCARGA2; DRENAJE3; DESCARGA3; DRENAJE4; DESCARGA4; TOT_DESC,ID:float64; CVE_SUBCUE:object; CVE_RH:object; RH:object; CVE_CUE:object; CUENCA:object; CVE_SUBC:object; SUBCUENCA:object; AREA_KM2:float64; PERIMETRO:float64; TIPO:object; DRENAJE1:object; DESCARGA1:int32; DRENAJE2:object; DESCARGA2:int32; DRENAJE3:object; DESCARGA3:int32; DRENAJE4:object; DESCARGA4:int32; TOT_DESC:int32,"{""minx"": -98.93597781827967, ""miny"": 18.084380967120268, ""maxx"": -98.22431492627963, ""maxy"": 19.17064541512031}",ok_geopandas_fallback,pyogrio_read_info fallo: The truth value of an array with more than one element is ambiguous. Use a.any() or a.all()
data\raw\hidrografia_atoyac\RH18Ae\RH18\RH18A\RH18Ae\RH18Ae_to.shp,RH18Ae_to.shp,hidrografia_atoyac\RH18Ae\RH18\RH18A\RH18Ae,696,Point,EPSG:4019,JOIN_COUNT; FC; IDENTIFICA; LATITUD; LONGITUD; X_CCL; X_UTM; Y_CCL; Y_UTM; CALI_REPR; CLASE; TERMINO_GE; NOMBRE; NOMBRE_COM; NOMBRE_REG; CARTA; GEOMETRIA_; COMOD; CVE_EDO; NOM_EDOM; CVE_MUN; NOM_MUNM,JOIN_COUNT:float64; FC:object; IDENTIFICA:object; LATITUD:object; LONGITUD:object; X_CCL:object; X_UTM:object; Y_CCL:object; Y_UTM:object; CALI_REPR:object; CLASE:object; TERMINO_GE:object; NOMBRE:object; NOMBRE_COM:object; NOMBRE_REG:object; CARTA:object; GEOMETRIA_:float64; COMOD:int64; CVE_EDO:object; NOM_EDOM:object; CVE_MUN:object; NOM_MUNM:object,"{""minx"": -98.92217721538458, ""miny"": 18.105683061538453, ""maxx"": -98.23302389230767, ""maxy"": 19.16257693846153}",ok_geopandas_fallback,pyogrio_read_info fallo: The truth value of an array with more than one element is ambiguous. Use a.any() or a.all()
data\raw\hidrografia_atoyac\RH18Af\RH18\RH18A\RH18Af\RH18Af_dr.shp,RH18Af_dr.shp,hidrografia_atoyac\RH18Af\RH18\RH18A\RH18Af,15,Point,EPSG:4019,ID; CVE_SUBC; TIPO; CONDICION; ID_DRENA; ARBSUM; NUM_LIN,ID:int64; CVE_SUBC:object; TIPO:int64; CONDICION:object; ID_DRENA:int64; ARBSUM:int64; NUM_LIN:int64,"{""minx"": -98.49819407029997, ""miny"": 17.088190229099993, ""maxx"": -97.46926367209997, ""maxy"": 18.1871676442}",ok_geopandas_fallback,pyogrio_read_info fallo: The truth value of an array with more than one element is ambiguous. Use a.any() or a.all()
data\raw\hidrografia_atoyac\RH18Af\RH18\RH18A\RH18Af\RH18Af_ha.shp,RH18Af_ha.shp,hidrografia_atoyac\RH18Af\RH18\RH18A\RH18Af,48,MultiPolygon; Polygon,EPSG:4019,IDBD; FC; CONDICION,IDBD:int64; FC:int64; CONDICION:object,"{""minx"": -98.50272334290818, ""miny"": 17.116698184615398, ""maxx"": -97.47691299999997, ""maxy"": 18.206312123076902}",ok_geopandas_fallback,pyogrio_read_info fallo: The truth value of an array with more than one element is ambiguous. Use a.any() or a.all()
data\raw\hidrografia_atoyac\RH18Af\RH18\RH18A\RH18Af\RH18Af_hl.shp,RH18Af_hl.shp,hidrografia_atoyac\RH18Af\RH18\RH18A\RH18Af,18425,LineString,EPSG:4019,ID; CVE_SUBC; CLAVE50K; TIPO; ENTIDAD; FC; CONDICION; EDICION; FECHA; LENGTHM; ID_DRENA; FLOWDIR; ENABLED; DESC_ENABL; CALI_REPR; SEQUENCEID; ORDER_1; LEVEL_1; ARBSUM_1; PATHL_1,ID:int64; CVE_SUBC:object; CLAVE50K:object; TIPO:int64; ENTIDAD:object; FC:int64; CONDICION:object; EDICION:object; FECHA:datetime64[ms]; LENGTHM:float64; ID_DRENA:int32; FLOWDIR:int64; ENABLED:int32; DESC_ENABL:object; CALI_REPR:int64; SEQUENCEID:float64; ORDER_1:int64; LEVEL_1:int64; ARBSUM_1:float64; PATHL_1:float64,"{""minx"": -98.49819407029997, ""miny"": 17.06400215389999, ""maxx"": -97.36992583079997, ""maxy"": 18.285631615399996}",ok_geopandas_fallback,pyogrio_read_info fallo: The truth value of an array with more than one element is ambiguous. Use a.any() or a.all()
data\raw\hidrografia_atoyac\RH18Af\RH18\RH18A\RH18Af\RH18Af_subc.shp,RH18Af_subc.shp,hidrografia_atoyac\RH18Af\RH18\RH18A\RH18Af,1,Polygon,EPSG:4019,ID; CVE_SUBCUE; CVE_RH; RH; CVE_CUE; CUENCA; CVE_SUBC; SUBCUENCA; AREA_KM2; PERIMETRO; TIPO; DRENAJE1; DESCARGA1; DRENAJE2; DESCARGA2; DRENAJE3; DESCARGA3; DRENAJE4; DESCARGA4; TOT_DESC,ID:float64; CVE_SUBCUE:object; CVE_RH:object; RH:object; CVE_CUE:object; CUENCA:object; CVE_SUBC:object; SUBCUENCA:object; AREA_KM2:float64; PERIMETRO:float64; TIPO:object; DRENAJE1:object; DESCARGA1:int32; DRENAJE2:object; DESCARGA2:int32; DRENAJE3:object; DESCARGA3:int32; DRENAJE4:object; DESCARGA4:int32; TOT_DESC:int32,"{""minx"": -98.50076096627961, ""miny"": 17.06247873512033, ""maxx"": -97.36803997027968, ""maxy"": 18.288329054120325}",ok_geopandas_fallback,pyogrio_read_info fallo: The truth value of an array with more than one element is ambiguous. Use a.any() or a.all()
data\raw\hidrografia_atoyac\RH18Af\RH18\RH18A\RH18Af\RH18Af_to.shp,RH18Af_to.shp,hidrografia_atoyac\RH18Af\RH18\RH18A\RH18Af,724,Point,EPSG:4019,JOIN_COUNT; FC; IDENTIFICA; LATITUD; LONGITUD; X_CCL; X_UTM; Y_CCL; Y_UTM; CALI_REPR; CLASE; TERMINO_GE; NOMBRE; NOMBRE_COM; NOMBRE_REG; CARTA; GEOMETRIA_; COMOD; CVE_EDO; NOM_EDOM; CVE_MUN; NOM_MUNM,JOIN_COUNT:float64; FC:object; IDENTIFICA:object; LATITUD:object; LONGITUD:object; X_CCL:object; X_UTM:object; Y_CCL:object; Y_UTM:object; CALI_REPR:object; CLASE:object; TERMINO_GE:object; NOMBRE:object; NOMBRE_COM:object; NOMBRE_REG:object; CARTA:object; GEOMETRIA_:float64; COMOD:int64; CVE_EDO:object; NOM_EDOM:object; CVE_MUN:object; NOM_MUNM:object,"{""minx"": -98.46616638461535, ""miny"": 17.117038338461537, ""maxx"": -97.38009027692306, ""maxy"": 18.278681107692304}",ok_geopandas_fallback,pyogrio_read_info fallo: The truth value of an array with more than one element is ambiguous. Use a.any() or a.all()
data\raw\hidrografia_atoyac\RH18Ag\RH18\RH18A\RH18Ag\RH18Ag_dr.shp,RH18Ag_dr.shp,hidrografia_atoyac\RH18Ag\RH18\RH18A\RH18Ag,1,Point,EPSG:4019,ID; CVE_SUBC; TIPO; CONDICION; ID_DRENA; ARBSUM; NUM_LIN,ID:int64; CVE_SUBC:object; TIPO:int64; CONDICION:object; ID_DRENA:int64; ARBSUM:int64; NUM_LIN:int64,"{""minx"": -98.30740879799997, ""miny"": 18.083111561199996, ""maxx"": -98.30740879799997, ""maxy"": 18.083111561199996}",ok_geopandas_fallback,pyogrio_read_info fallo: The truth value of an array with more than one element is ambiguous. Use a.any() or a.all()
data\raw\hidrografia_atoyac\RH18Ag\RH18\RH18A\RH18Ag\RH18Ag_ha.shp,RH18Ag_ha.shp,hidrografia_atoyac\RH18Ag\RH18\RH18A\RH18Ag,53,Polygon,EPSG:4019,IDBD; FC; CONDICION,IDBD:int64; FC:int64; CONDICION:object,"{""minx"": -98.24597366153841, ""miny"": 18.037449107692325, ""maxx"": -97.67700296923073, ""maxy"": 18.557388815384606}",ok_geopandas_fallback,pyogrio_read_info fallo: The truth value of an array with more than one element is ambiguous. Use a.any() or a.all()
data\raw\hidrografia_atoyac\RH18Ag\RH18\RH18A\RH18Ag\RH18Ag_hl.shp,RH18Ag_hl.shp,hidrografia_atoyac\RH18Ag\RH18\RH18A\RH18Ag,5581,LineString,EPSG:4019,ID; CVE_SUBC; CLAVE50K; TIPO; ENTIDAD; FC; CONDICION; EDICION; FECHA; LENGTHM; ID_DRENA; FLOWDIR; ENABLED; DESC_ENABL; CALI_REPR; SEQUENCEID; ORDER_1; LEVEL_1; ARBSUM_1; PATHL_1,ID:int64; CVE_SUBC:object; CLAVE50K:object; TIPO:int64; ENTIDAD:object; FC:int64; CONDICION:object; EDICION:object; FECHA:datetime64[ms]; LENGTHM:float64; ID_DRENA:int32; FLOWDIR:int64; ENABLED:int32; DESC_ENABL:object; CALI_REPR:int64; SEQUENCEID:float64; ORDER_1:int64; LEVEL_1:int64; ARBSUM_1:float64; PATHL_1:float64,"{""minx"": -98.30740879799997, ""miny"": 17.899913132299993, ""maxx"": -97.52013355139998, ""maxy"": 18.553569556999992}",ok_geopandas_fallback,pyogrio_read_info fallo: The truth value of an array with more than one element is ambiguous. Use a.any() or a.all()
data\raw\hidrografia_atoyac\RH18Ag\RH18\RH18A\RH18Ag\RH18Ag_subc.shp,RH18Ag_subc.shp,hidrografia_atoyac\RH18Ag\RH18\RH18A\RH18Ag,1,Polygon,EPSG:4019,ID; CVE_SUBCUE; CVE_RH; RH; CVE_CUE; CUENCA; CVE_SUBC; SUBCUENCA; AREA_KM2; PERIMETRO; TIPO; DRENAJE1; DESCARGA1; DRENAJE2; DESCARGA2; DRENAJE3; DESCARGA3; DRENAJE4; DESCARGA4; TOT_DESC,ID:float64; CVE_SUBCUE:object; CVE_RH:object; RH:object; CVE_CUE:object; CUENCA:object; CVE_SUBC:object; SUBCUENCA:object; AREA_KM2:float64; PERIMETRO:float64; TIPO:object; DRENAJE1:object; DESCARGA1:int32; DRENAJE2:object; DESCARGA2:int32; DRENAJE3:object; DESCARGA3:int32; DRENAJE4:object; DESCARGA4:int32; TOT_DESC:int32,"{""minx"": -98.30874953627963, ""miny"": 17.896599841120267, ""maxx"": -97.51899133127962, ""maxy"": 18.564829482120288}",ok_geopandas_fallback,pyogrio_read_info fallo: The truth value of an array with more than one element is ambiguous. Use a.any() or a.all()
data\raw\hidrografia_atoyac\RH18Ag\RH18\RH18A\RH18Ag\RH18Ag_to.shp,RH18Ag_to.shp,hidrografia_atoyac\RH18Ag\RH18\RH18A\RH18Ag,528,Point,EPSG:4019,JOIN_COUNT; FC; IDENTIFICA; LATITUD; LONGITUD; X_CCL; X_UTM; Y_CCL; Y_UTM; CALI_REPR; CLASE; TERMINO_GE; NOMBRE; NOMBRE_COM; NOMBRE_REG; CARTA; GEOMETRIA_; COMOD; CVE_EDO; NOM_EDOM; CVE_MUN; NOM_MUNM,JOIN_COUNT:float64; FC:object; IDENTIFICA:object; LATITUD:object; LONGITUD:object; X_CCL:object; X_UTM:object; Y_CCL:object; Y_UTM:object; CALI_REPR:object; CLASE:object; TERMINO_GE:object; NOMBRE:object; NOMBRE_COM:object; NOMBRE_REG:object; CARTA:object; GEOMETRIA_:float64; COMOD:int64; CVE_EDO:object; NOM_EDOM:object; CVE_MUN:object; NOM_MUNM:object,"{""minx"": -98.29975666153844, ""miny"": 17.920541107692305, ""maxx"": -97.52978721538457, ""maxy"": 18.528485830769228}",ok_geopandas_fallback,pyogrio_read_info fallo: The truth value of an array with more than one element is ambiguous. Use a.any() or a.all()
data\raw\hidrografia_atoyac\RH18Ah\RH18\RH18A\RH18Ah\RH18Ah_dr.shp,RH18Ah_dr.shp,hidrografia_atoyac\RH18Ah\RH18\RH18A\RH18Ah,14,Point,EPSG:4019,ID; CVE_SUBC; TIPO; CONDICION; ID_DRENA; ARBSUM; NUM_LIN,ID:int64; CVE_SUBC:object; TIPO:int64; CONDICION:object; ID_DRENA:int64; ARBSUM:int64; NUM_LIN:int64,"{""minx"": -97.54924081519998, ""miny"": 19.079352820399997, ""maxx"": -97.35384212369998, ""maxy"": 19.673622687599995}",ok_geopandas_fallback,pyogrio_read_info fallo: The truth value of an array with more than one element is ambiguous. Use a.any() or a.all()
data\raw\hidrografia_atoyac\RH18Ah\RH18\RH18A\RH18Ah\RH18Ah_ha.shp,RH18Ah_ha.shp,hidrografia_atoyac\RH18Ah\RH18\RH18A\RH18Ah,113,Polygon,EPSG:4019,IDBD; FC; CONDICION,IDBD:int64; FC:int64; CONDICION:object,"{""minx"": -97.98943999999997, ""miny"": 19.08815838461541, ""maxx"": -97.1610694307692, ""maxy"": 19.624234892307697}",ok_geopandas_fallback,pyogrio_read_info fallo: The truth value of an array with more than one element is ambiguous. Use a.any() or a.all()
data\raw\hidrografia_atoyac\RH18Ah\RH18\RH18A\RH18Ah\RH18Ah_hl.shp,RH18Ah_hl.shp,hidrografia_atoyac\RH18Ah\RH18\RH18A\RH18Ah,6683,LineString,EPSG:4019,ID; CVE_SUBC; CLAVE50K; TIPO; ENTIDAD; FC; CONDICION; EDICION; FECHA; LENGTHM; ID_DRENA; FLOWDIR; ENABLED; DESC_ENABL; CALI_REPR; SEQUENCEID; ORDER_1; LEVEL_1; ARBSUM_1; PATHL_1,ID:int64; CVE_SUBC:object; CLAVE50K:object; TIPO:int64; ENTIDAD:object; FC:int64; CONDICION:object; EDICION:object; FECHA:datetime64[ms]; LENGTHM:float64; ID_DRENA:int32; FLOWDIR:int64; ENABLED:int32; DESC_ENABL:object; CALI_REPR:int64; SEQUENCEID:float64; ORDER_1:int64; LEVEL_1:int64; ARBSUM_1:float64; PATHL_1:float64,"{""minx"": -98.03197879899997, ""miny"": 18.9484648256, ""maxx"": -97.15179491389998, ""maxy"": 19.701229586399997}",ok_geopandas_fallback,pyogrio_read_info fallo: The truth value of an array with more than one element is ambiguous. Use a.any() or a.all()
data\raw\hidrografia_atoyac\RH18Ah\RH18\RH18A\RH18Ah\RH18Ah_subc.shp,RH18Ah_subc.shp,hidrografia_atoyac\RH18Ah\RH18\RH18A\RH18Ah,1,Polygon,EPSG:4019,ID; CVE_SUBCUE; CVE_RH; RH; CVE_CUE; CUENCA; CVE_SUBC; SUBCUENCA; AREA_KM2; PERIMETRO; TIPO; DRENAJE1; DESCARGA1; DRENAJE2; DESCARGA2; DRENAJE3; DESCARGA3; DRENAJE4; DESCARGA4; TOT_DESC,ID:float64; CVE_SUBCUE:object; CVE_RH:object; RH:object; CVE_CUE:object; CUENCA:object; CVE_SUBC:object; SUBCUENCA:object; AREA_KM2:float64; PERIMETRO:float64; TIPO:object; DRENAJE1:object; DESCARGA1:int32; DRENAJE2:object; DESCARGA2:int32; DRENAJE3:object; DESCARGA3:int32; DRENAJE4:object; DESCARGA4:int32; TOT_DESC:int32,"{""minx"": -98.03451150427964, ""miny"": 18.948180944120303, ""maxx"": -97.14812119227963, ""maxy"": 19.720920781120316}",ok_geopandas_fallback,pyogrio_read_info fallo: The truth value of an array with more than one element is ambiguous. Use a.any() or a.all()
data\raw\hidrografia_atoyac\RH18Ah\RH18\RH18A\RH18Ah\RH18Ah_to.shp,RH18Ah_to.shp,hidrografia_atoyac\RH18Ah\RH18\RH18A\RH18Ah,326,Point,EPSG:4019,JOIN_COUNT; FC; IDENTIFICA; LATITUD; LONGITUD; X_CCL; X_UTM; Y_CCL; Y_UTM; CALI_REPR; CLASE; TERMINO_GE; NOMBRE; NOMBRE_COM; NOMBRE_REG; CARTA; GEOMETRIA_; COMOD; CVE_EDO; NOM_EDOM; CVE_MUN; NOM_MUNM,JOIN_COUNT:float64; FC:object; IDENTIFICA:object; LATITUD:object; LONGITUD:object; X_CCL:object; X_UTM:object; Y_CCL:object; Y_UTM:object; CALI_REPR:object; CLASE:object; TERMINO_GE:object; NOMBRE:object; NOMBRE_COM:object; NOMBRE_REG:object; CARTA:object; GEOMETRIA_:float64; COMOD:int64; CVE_EDO:object; NOM_EDOM:object; CVE_MUN:object; NOM_MUNM:object,"{""minx"": -98.02111361538459, ""miny"": 18.96601361538461, ""maxx"": -97.15731972307691, ""maxy"": 19.67752306153846}",ok_geopandas_fallback,pyogrio_read_info fallo: The truth value of an array with more than one element is ambiguous. Use a.any() or a.all()
data\raw\hidrografia_atoyac\RH18Ai\RH18\RH18A\RH18Ai\RH18Ai_dr.shp,RH18Ai_dr.shp,hidrografia_atoyac\RH18Ai\RH18\RH18A\RH18Ai,4,Point,EPSG:4019,ID; CVE_SUBC; TIPO; CONDICION; ID_DRENA; ARBSUM; NUM_LIN,ID:int64; CVE_SUBC:object; TIPO:int64; CONDICION:object; ID_DRENA:int64; ARBSUM:int64; NUM_LIN:int64,"{""minx"": -98.30252692459997, ""miny"": 19.172785356199995, ""maxx"": -98.25044318909997, ""maxy"": 19.214449649899993}",ok_geopandas_fallback,pyogrio_read_info fallo: The truth value of an array with more than one element is ambiguous. Use a.any() or a.all()
data\raw\hidrografia_atoyac\RH18Ai\RH18\RH18A\RH18Ai\RH18Ai_ha.shp,RH18Ai_ha.shp,hidrografia_atoyac\RH18Ai\RH18\RH18A\RH18Ai,552,Polygon,EPSG:4019,IDBD; FC; CONDICION,IDBD:int64; FC:int64; CONDICION:object,"{""minx"": -98.42573029230768, ""miny"": 19.189930492307735, ""maxx"": -97.99420718461535, ""maxy"": 19.666356723076916}",ok_geopandas_fallback,pyogrio_read_info fallo: The truth value of an array with more than one element is ambiguous. Use a.any() or a.all()
data\raw\hidrografia_atoyac\RH18Ai\RH18\RH18A\RH18Ai\RH18Ai_hl.shp,RH18Ai_hl.shp,hidrografia_atoyac\RH18Ai\RH18\RH18A\RH18Ai,5262,LineString,EPSG:4019,ID; CVE_SUBC; CLAVE50K; TIPO; ENTIDAD; FC; CONDICION; EDICION; FECHA; LENGTHM; ID_DRENA; FLOWDIR; ENABLED; DESC_ENABL; CALI_REPR; SEQUENCEID; ORDER_1; LEVEL_1; ARBSUM_1; PATHL_1,ID:int64; CVE_SUBC:object; CLAVE50K:object; TIPO:int64; ENTIDAD:object; FC:int64; CONDICION:object; EDICION:object; FECHA:datetime64[ms]; LENGTHM:float64; ID_DRENA:int32; FLOWDIR:int64; ENABLED:int32; DESC_ENABL:object; CALI_REPR:int64; SEQUENCEID:float64; ORDER_1:int64; LEVEL_1:int64; ARBSUM_1:float64; PATHL_1:float64,"{""minx"": -98.43988156919997, ""miny"": 19.172785356199995, ""maxx"": -97.97012462659998, ""maxy"": 19.702697061499993}",ok_geopandas_fallback,pyogrio_read_info fallo: The truth value of an array with more than one element is ambiguous. Use a.any() or a.all()
data\raw\hidrografia_atoyac\RH18Ai\RH18\RH18A\RH18Ai\RH18Ai_subc.shp,RH18Ai_subc.shp,hidrografia_atoyac\RH18Ai\RH18\RH18A\RH18Ai,1,Polygon,EPSG:4019,ID; CVE_SUBCUE; CVE_RH; RH; CVE_CUE; CUENCA; CVE_SUBC; SUBCUENCA; AREA_KM2; PERIMETRO; TIPO; DRENAJE1; DESCARGA1; DRENAJE2; DESCARGA2; DRENAJE3; DESCARGA3; DRENAJE4; DESCARGA4; TOT_DESC,ID:float64; CVE_SUBCUE:object; CVE_RH:object; RH:object; CVE_CUE:object; CUENCA:object; CVE_SUBC:object; SUBCUENCA:object; AREA_KM2:float64; PERIMETRO:float64; TIPO:object; DRENAJE1:object; DESCARGA1:int32; DRENAJE2:object; DESCARGA2:int32; DRENAJE3:object; DESCARGA3:int32; DRENAJE4:object; DESCARGA4:int32; TOT_DESC:int32,"{""minx"": -98.44474500127961, ""miny"": 19.172467735120275, ""maxx"": -97.96003924227969, ""maxy"": 19.70372254412028}",ok_geopandas_fallback,pyogrio_read_info fallo: The truth value of an array with more than one element is ambiguous. Use a.any() or a.all()
data\raw\hidrografia_atoyac\RH18Ai\RH18\RH18A\RH18Ai\RH18Ai_to.shp,RH18Ai_to.shp,hidrografia_atoyac\RH18Ai\RH18\RH18A\RH18Ai,197,Point,EPSG:4019,JOIN_COUNT; FC; IDENTIFICA; LATITUD; LONGITUD; X_CCL; X_UTM; Y_CCL; Y_UTM; CALI_REPR; CLASE; TERMINO_GE; NOMBRE; NOMBRE_COM; NOMBRE_REG; CARTA; GEOMETRIA_; COMOD; CVE_EDO; NOM_EDOM; CVE_MUN; NOM_MUNM,JOIN_COUNT:float64; FC:object; IDENTIFICA:object; LATITUD:object; LONGITUD:object; X_CCL:object; X_UTM:object; Y_CCL:object; Y_UTM:object; CALI_REPR:object; CLASE:object; TERMINO_GE:object; NOMBRE:object; NOMBRE_COM:object; NOMBRE_REG:object; CARTA:object; GEOMETRIA_:float64; COMOD:int64; CVE_EDO:object; NOM_EDOM:object; CVE_MUN:object; NOM_MUNM:object,"{""minx"": -98.42594110769228, ""miny"": 19.176434169230767, ""maxx"": -97.99775889230769, ""maxy"": 19.682649723076917}",ok_geopandas_fallback,pyogrio_read_info fallo: The truth value of an array with more than one element is ambiguous. Use a.any() or a.all()
data\raw\hidrografia_atoyac\RH18Aj\RH18\RH18A\RH18Aj\RH18Aj_dr.shp,RH18Aj_dr.shp,hidrografia_atoyac\RH18Aj\RH18\RH18A\RH18Aj,1,Point,EPSG:4019,ID; CVE_SUBC; TIPO; CONDICION; ID_DRENA; ARBSUM; NUM_LIN,ID:int64; CVE_SUBC:object; TIPO:int64; CONDICION:object; ID_DRENA:int64; ARBSUM:int64; NUM_LIN:int64,"{""minx"": -98.18359939439998, ""miny"": 18.982901200799997, ""maxx"": -98.18359939439998, ""maxy"": 18.982901200799997}",ok_geopandas_fallback,pyogrio_read_info fallo: The truth value of an array with more than one element is ambiguous. Use a.any() or a.all()
data\raw\hidrografia_atoyac\RH18Aj\RH18\RH18A\RH18Aj\RH18Aj_ha.shp,RH18Aj_ha.shp,hidrografia_atoyac\RH18Aj\RH18\RH18A\RH18Aj,31,Polygon,EPSG:4019,IDBD; FC; CONDICION,IDBD:int64; FC:int64; CONDICION:object,"{""minx"": -98.18710521538459, ""miny"": 18.975657676923053, ""maxx"": -98.03114798461536, ""maxy"": 19.109711292307697}",ok_geopandas_fallback,pyogrio_read_info fallo: The truth value of an array with more than one element is ambiguous. Use a.any() or a.all()
data\raw\hidrografia_atoyac\RH18Aj\RH18\RH18A\RH18Aj\RH18Aj_hl.shp,RH18Aj_hl.shp,hidrografia_atoyac\RH18Aj\RH18\RH18A\RH18Aj,391,LineString,EPSG:4019,ID; CVE_SUBC; CLAVE50K; TIPO; ENTIDAD; FC; CONDICION; EDICION; FECHA; LENGTHM; ID_DRENA; FLOWDIR; ENABLED; DESC_ENABL; CALI_REPR; SEQUENCEID; ORDER_1; LEVEL_1; ARBSUM_1; PATHL_1,ID:int64; CVE_SUBC:object; CLAVE50K:object; TIPO:int64; ENTIDAD:object; FC:int64; CONDICION:object; EDICION:object; FECHA:datetime64[ms]; LENGTHM:float64; ID_DRENA:int32; FLOWDIR:int64; ENABLED:int32; DESC_ENABL:object; CALI_REPR:int64; SEQUENCEID:float64; ORDER_1:int64; LEVEL_1:int64; ARBSUM_1:float64; PATHL_1:float64,"{""minx"": -98.19242136919998, ""miny"": 18.971616907699993, ""maxx"": -98.0270894462, ""maxy"": 19.206636140499995}",ok_geopandas_fallback,pyogrio_read_info fallo: The truth value of an array with more than one element is ambiguous. Use a.any() or a.all()
data\raw\hidrografia_atoyac\RH18Aj\RH18\RH18A\RH18Aj\RH18Aj_subc.shp,RH18Aj_subc.shp,hidrografia_atoyac\RH18Aj\RH18\RH18A\RH18Aj,1,Polygon,EPSG:4019,ID; CVE_SUBCUE; CVE_RH; RH; CVE_CUE; CUENCA; CVE_SUBC; SUBCUENCA; AREA_KM2; PERIMETRO; TIPO; DRENAJE1; DESCARGA1; DRENAJE2; DESCARGA2; DRENAJE3; DESCARGA3; DRENAJE4; DESCARGA4; TOT_DESC,ID:float64; CVE_SUBCUE:object; CVE_RH:object; RH:object; CVE_CUE:object; CUENCA:object; CVE_SUBC:object; SUBCUENCA:object; AREA_KM2:float64; PERIMETRO:float64; TIPO:object; DRENAJE1:object; DESCARGA1:int32; DRENAJE2:object; DESCARGA2:int32; DRENAJE3:object; DESCARGA3:int32; DRENAJE4:object; DESCARGA4:int32; TOT_DESC:int32,"{""minx"": -98.19666334227966, ""miny"": 18.969274247120296, ""maxx"": -98.02594161827967, ""maxy"": 19.209673264120333}",ok_geopandas_fallback,pyogrio_read_info fallo: The truth value of an array with more than one element is ambiguous. Use a.any() or a.all()
data\raw\hidrografia_atoyac\RH18Aj\RH18\RH18A\RH18Aj\RH18Aj_to.shp,RH18Aj_to.shp,hidrografia_atoyac\RH18Aj\RH18\RH18A\RH18Aj,44,Point,EPSG:4019,JOIN_COUNT; FC; IDENTIFICA; LATITUD; LONGITUD; X_CCL; X_UTM; Y_CCL; Y_UTM; CALI_REPR; CLASE; TERMINO_GE; NOMBRE; NOMBRE_COM; NOMBRE_REG; CARTA; GEOMETRIA_; COMOD; CVE_EDO; NOM_EDOM; CVE_MUN; NOM_MUNM,JOIN_COUNT:float64; FC:object; IDENTIFICA:object; LATITUD:object; LONGITUD:object; X_CCL:object; X_UTM:object; Y_CCL:object; Y_UTM:object; CALI_REPR:object; CLASE:object; TERMINO_GE:object; NOMBRE:object; NOMBRE_COM:object; NOMBRE_REG:object; CARTA:object; GEOMETRIA_:float64; COMOD:int64; CVE_EDO:object; NOM_EDOM:object; CVE_MUN:object; NOM_MUNM:object,"{""minx"": -98.18450916923072, ""miny"": 18.989504999999994, ""maxx"": -98.03350721538459, ""maxy"": 19.20376999999999}",ok_geopandas_fallback,pyogrio_read_info fallo: The truth value of an array with more than one element is ambiguous. Use a.any() or a.all()
data\raw\hidrografia_atoyac\RH28Ba\RH28\RH28B\RH28Ba\RH28Ba_dr.shp,RH28Ba_dr.shp,hidrografia_atoyac\RH28Ba\RH28\RH28B\RH28Ba,25,Point,EPSG:4019,ID; CVE_SUBC; TIPO; CONDICION; ID_DRENA; ARBSUM; NUM_LIN,ID:int64; CVE_SUBC:object; TIPO:int64; CONDICION:object; ID_DRENA:int64; ARBSUM:int64; NUM_LIN:int64,"{""minx"": -97.00444463989999, ""miny"": 18.867671007899997, ""maxx"": -96.14182292859999, ""maxy"": 19.057475597299998}",ok_geopandas_fallback,pyogrio_read_info fallo: The truth value of an array with more than one element is ambiguous. Use a.any() or a.all()
data\raw\hidrografia_atoyac\RH28Ba\RH28\RH28B\RH28Ba\RH28Ba_ha.shp,RH28Ba_ha.shp,hidrografia_atoyac\RH28Ba\RH28\RH28B\RH28Ba,42,MultiPolygon; Polygon,EPSG:4019,IDBD; FC; CONDICION,IDBD:int64; FC:int64; CONDICION:object,"{""minx"": -97.20825759999997, ""miny"": 18.81322416923078, ""maxx"": -96.1038926461538, ""maxy"": 19.066137523076907}",ok_geopandas_fallback,pyogrio_read_info fallo: The truth value of an array with more than one element is ambiguous. Use a.any() or a.all()
data\raw\hidrografia_atoyac\RH28Ba\RH28\RH28B\RH28Ba\RH28Ba_hl.shp,RH28Ba_hl.shp,hidrografia_atoyac\RH28Ba\RH28\RH28B\RH28Ba,3817,LineString,EPSG:4019,ID; CVE_SUBC; CLAVE50K; TIPO; ENTIDAD; FC; CONDICION; EDICION; FECHA; LENGTHM; ID_DRENA; FLOWDIR; ENABLED; DESC_ENABL; CALI_REPR; SEQUENCEID; ORDER_1; LEVEL_1; ARBSUM_1; PATHL_1,ID:int64; CVE_SUBC:object; CLAVE50K:object; TIPO:int64; ENTIDAD:object; FC:int64; CONDICION:object; EDICION:object; FECHA:datetime64[ms]; LENGTHM:float64; ID_DRENA:int32; FLOWDIR:int64; ENABLED:int32; DESC_ENABL:object; CALI_REPR:int64; SEQUENCEID:float64; ORDER_1:int64; LEVEL_1:int64; ARBSUM_1:float64; PATHL_1:float64,"{""minx"": -97.25958086149997, ""miny"": 18.742261199999998, ""maxx"": -96.10168713849997, ""maxy"": 19.128251507699993}",ok_geopandas_fallback,pyogrio_read_info fallo: The truth value of an array with more than one element is ambiguous. Use a.any() or a.all()
data\raw\hidrografia_atoyac\RH28Ba\RH28\RH28B\RH28Ba\RH28Ba_subc.shp,RH28Ba_subc.shp,hidrografia_atoyac\RH28Ba\RH28\RH28B\RH28Ba,1,Polygon,EPSG:4019,ID; CVE_SUBCUE; CVE_RH; RH; CVE_CUE; CUENCA; CVE_SUBC; SUBCUENCA; AREA_KM2; PERIMETRO; TIPO; DRENAJE1; DESCARGA1; DRENAJE2; DESCARGA2; DRENAJE3; DESCARGA3; DRENAJE4; DESCARGA4; TOT_DESC,ID:float64; CVE_SUBCUE:object; CVE_RH:object; RH:object; CVE_CUE:object; CUENCA:object; CVE_SUBC:object; SUBCUENCA:object; AREA_KM2:float64; PERIMETRO:float64; TIPO:object; DRENAJE1:object; DESCARGA1:int32; DRENAJE2:object; DESCARGA2:int32; DRENAJE3:object; DESCARGA3:int32; DRENAJE4:object; DESCARGA4:int32; TOT_DESC:int32,"{""minx"": -97.26874482327962, ""miny"": 18.741722090120334, ""maxx"": -96.0944136412797, ""maxy"": 19.129020599120345}",ok_geopandas_fallback,pyogrio_read_info fallo: The truth value of an array with more than one element is ambiguous. Use a.any() or a.all()
data\raw\hidrografia_atoyac\RH28Ba\RH28\RH28B\RH28Ba\RH28Ba_to.shp,RH28Ba_to.shp,hidrografia_atoyac\RH28Ba\RH28\RH28B\RH28Ba,56,Point,EPSG:4019,JOIN_COUNT; FC; IDENTIFICA; LATITUD; LONGITUD; X_CCL; X_UTM; Y_CCL; Y_UTM; CALI_REPR; CLASE; TERMINO_GE; NOMBRE; NOMBRE_COM; NOMBRE_REG; CARTA; GEOMETRIA_; COMOD; CVE_EDO; NOM_EDOM; CVE_MUN; NOM_MUNM,JOIN_COUNT:float64; FC:object; IDENTIFICA:object; LATITUD:object; LONGITUD:object; X_CCL:object; X_UTM:object; Y_CCL:object; Y_UTM:object; CALI_REPR:object; CLASE:object; TERMINO_GE:object; NOMBRE:object; NOMBRE_COM:object; NOMBRE_REG:object; CARTA:object; GEOMETRIA_:float64; COMOD:int64; CVE_EDO:object; NOM_EDOM:object; CVE_MUN:object; NOM_MUNM:object,"{""minx"": -97.25150389230768, ""miny"": 18.785645830769226, ""maxx"": -96.14721889230768, ""maxy"": 19.12139389230769}",ok_geopandas_fallback,pyogrio_read_info fallo: The truth value of an array with more than one element is ambiguous. Use a.any() or a.all()
data\raw\hidrologia_atoyac\conjunto_de_datos\a1809.shp,a1809.shp,hidrologia_atoyac\conjunto_de_datos,,,,,,,error,UnicodeDecodeError: 'utf-8' codec can't decode byte 0xfa in position 10: invalid start byte
data\raw\hidrologia_atoyac\conjunto_de_datos\c1809.shp,c1809.shp,hidrologia_atoyac\conjunto_de_datos,16,LineString,"PROJCS[""MEXICO_ITRF_2008_LCC"",GEOGCS[""ITRF_2008"",DATUM[""International_Terrestrial_Reference_Frame_2008"",SPHEROID[""GRS 1980"",6378137,298.257222101,AUTHORITY[""EPSG"",""7019""]],AUTHORITY[""EPSG"",""1061""]],PRIMEM[""Greenwich"",0],UNIT[""Degree"",0.0174532925199433]],PROJECTION[""Lambert_Conformal_Conic_2SP""],PARAMETER[""latitude_of_origin"",12],PARAMETER[""central_meridian"",-102],PARAMETER[""standard_parallel_1"",17.5],PARAMETER[""standard_parallel_2"",29.5],PARAMETER[""false_easting"",2500000],PARAMETER[""false_northing"",0],UNIT[""metre"",1,AUTHORITY[""EPSG"",""9001""]],AXIS[""Easting"",EAST],AXIS[""Northing"",NORTH]]",ELEV_NE; FECHA; CAL_POS,ELEV_NE:float64; FECHA:object; CAL_POS:object,"{""minx"": 2870382.7500000037, ""miny"": 799554.2148272358, ""maxx"": 2918051.4843503553, ""maxy"": 839424.6351090111}",ok_geopandas_fallback,pyogrio_read_info fallo: The truth value of an array with more than one element is ambiguous. Use a.any() or a.all()
data\raw\hidrologia_atoyac\conjunto_de_datos\f1809.shp,f1809.shp,hidrologia_atoyac\conjunto_de_datos,6,Point,"PROJCS[""MEXICO_ITRF_2008_LCC"",GEOGCS[""ITRF_2008"",DATUM[""International_Terrestrial_Reference_Frame_2008"",SPHEROID[""GRS 1980"",6378137,298.257222101,AUTHORITY[""EPSG"",""7019""]],AUTHORITY[""EPSG"",""1061""]],PRIMEM[""Greenwich"",0],UNIT[""Degree"",0.0174532925199433]],PROJECTION[""Lambert_Conformal_Conic_2SP""],PARAMETER[""latitude_of_origin"",12],PARAMETER[""central_meridian"",-102],PARAMETER[""standard_parallel_1"",17.5],PARAMETER[""standard_parallel_2"",29.5],PARAMETER[""false_easting"",2500000],PARAMETER[""false_northing"",0],UNIT[""metre"",1,AUTHORITY[""EPSG"",""9001""]],AXIS[""Easting"",EAST],AXIS[""Northing"",NORTH]]",AZIMUT; CAL_POS,AZIMUT:int32; CAL_POS:object,"{""minx"": 2879100.7613999993, ""miny"": 806181.5566999968, ""maxx"": 2903103.140199997, ""maxy"": 834043.7599999998}",ok_geopandas_fallback,pyogrio_read_info fallo: The truth value of an array with more than one element is ambiguous. Use a.any() or a.all()
data\raw\hidrologia_atoyac\conjunto_de_datos\h1809.shp,h1809.shp,hidrologia_atoyac\conjunto_de_datos,15,LineString,"PROJCS[""MEXICO_ITRF_2008_LCC"",GEOGCS[""ITRF_2008"",DATUM[""International_Terrestrial_Reference_Frame_2008"",SPHEROID[""GRS 1980"",6378137,298.257222101,AUTHORITY[""EPSG"",""7019""]],AUTHORITY[""EPSG"",""1061""]],PRIMEM[""Greenwich"",0],UNIT[""Degree"",0.0174532925199433]],PROJECTION[""Lambert_Conformal_Conic_2SP""],PARAMETER[""latitude_of_origin"",12],PARAMETER[""central_meridian"",-102],PARAMETER[""standard_parallel_1"",17.5],PARAMETER[""standard_parallel_2"",29.5],PARAMETER[""false_easting"",2500000],PARAMETER[""false_northing"",0],UNIT[""metre"",1,AUTHORITY[""EPSG"",""9001""]],AXIS[""Easting"",EAST],AXIS[""Northing"",NORTH]]",PROF_NE; FECHA; CAL_POS,PROF_NE:float64; FECHA:object; CAL_POS:object,"{""minx"": 2873273.1112372875, ""miny"": 786837.0540790372, ""maxx"": 2914669.282803283, ""maxy"": 838664.417758368}",ok_geopandas_fallback,pyogrio_read_info fallo: The truth value of an array with more than one element is ambiguous. Use a.any() or a.all()
data\raw\hidrologia_atoyac\conjunto_de_datos\i1809.shp,i1809.shp,hidrologia_atoyac\conjunto_de_datos,,,,,,,error,UnicodeDecodeError: 'utf-8' codec can't decode byte 0xf3 in position 17: invalid continuation byte
data\raw\hidrologia_atoyac\conjunto_de_datos\l1809.shp,l1809.shp,hidrologia_atoyac\conjunto_de_datos,1,LineString,"PROJCS[""MEXICO_ITRF_2008_LCC"",GEOGCS[""ITRF_2008"",DATUM[""International_Terrestrial_Reference_Frame_2008"",SPHEROID[""GRS 1980"",6378137,298.257222101,AUTHORITY[""EPSG"",""7019""]],AUTHORITY[""EPSG"",""1061""]],PRIMEM[""Greenwich"",0],UNIT[""Degree"",0.0174532925199433]],PROJECTION[""Lambert_Conformal_Conic_2SP""],PARAMETER[""latitude_of_origin"",12],PARAMETER[""central_meridian"",-102],PARAMETER[""standard_parallel_1"",17.5],PARAMETER[""standard_parallel_2"",29.5],PARAMETER[""false_easting"",2500000],PARAMETER[""false_northing"",0],UNIT[""metre"",1,AUTHORITY[""EPSG"",""9001""]],AXIS[""Easting"",EAST],AXIS[""Northing"",NORTH]]",CLAVE; SECCION; CAL_POS,CLAVE:object; SECCION:object; CAL_POS:object,"{""minx"": 2875361.443300002, ""miny"": 793752.5598000009, ""maxx"": 2914985.2532000015, ""maxy"": 853190.9600999989}",ok_geopandas_fallback,pyogrio_read_info fallo: The truth value of an array with more than one element is ambiguous. Use a.any() or a.all()
data\raw\hidrologia_atoyac\conjunto_de_datos\m1809.shp,m1809.shp,hidrologia_atoyac\conjunto_de_datos,,,,,,,error,UnicodeDecodeError: 'utf-8' codec can't decode byte 0xe9 in position 3: invalid continuation byte
data\raw\hidrologia_atoyac\conjunto_de_datos\n1809.shp,n1809.shp,hidrologia_atoyac\conjunto_de_datos,,,,,,,error,UnicodeDecodeError: 'utf-8' codec can't decode byte 0xe9 in position 2: invalid continuation byte
data\raw\hidrologia_atoyac\conjunto_de_datos\p1809.shp,p1809.shp,hidrologia_atoyac\conjunto_de_datos,,,,,,,error,UnicodeDecodeError: 'utf-8' codec can't decode byte 0xe9 in position 2: invalid continuation byte
data\raw\hidrologia_atoyac\conjunto_de_datos\pe1809.shp,pe1809.shp,hidrologia_atoyac\conjunto_de_datos,98,Polygon,"PROJCS[""MEXICO_ITRF_2008_LCC"",GEOGCS[""ITRF_2008"",DATUM[""International_Terrestrial_Reference_Frame_2008"",SPHEROID[""GRS 1980"",6378137,298.257222101,AUTHORITY[""EPSG"",""7019""]],AUTHORITY[""EPSG"",""1061""]],PRIMEM[""Greenwich"",0],UNIT[""Degree"",0.0174532925199433]],PROJECTION[""Lambert_Conformal_Conic_2SP""],PARAMETER[""latitude_of_origin"",12],PARAMETER[""central_meridian"",-102],PARAMETER[""standard_parallel_1"",17.5],PARAMETER[""standard_parallel_2"",29.5],PARAMETER[""false_easting"",2500000],PARAMETER[""false_northing"",0],UNIT[""metre"",1,AUTHORITY[""EPSG"",""9001""]],AXIS[""Easting"",EAST],AXIS[""Northing"",NORTH]]",CLAVE; DESCRIPCIO; CAL_POS,CLAVE:object; DESCRIPCIO:object; CAL_POS:object,"{""minx"": 2843272.759300003, ""miny"": 768204.6235000025, ""maxx"": 2922989.919200018, ""maxy"": 861434.2027000003}",ok_geopandas_fallback,pyogrio_read_info fallo: The truth value of an array with more than one element is ambiguous. Use a.any() or a.all()
data\raw\hidrologia_atoyac\conjunto_de_datos\t1809.shp,t1809.shp,hidrologia_atoyac\conjunto_de_datos,19,Point,"PROJCS[""MEXICO_ITRF_2008_LCC"",GEOGCS[""ITRF_2008"",DATUM[""International_Terrestrial_Reference_Frame_2008"",SPHEROID[""GRS 1980"",6378137,298.257222101,AUTHORITY[""EPSG"",""7019""]],AUTHORITY[""EPSG"",""1061""]],PRIMEM[""Greenwich"",0],UNIT[""Degree"",0.0174532925199433]],PROJECTION[""Lambert_Conformal_Conic_2SP""],PARAMETER[""latitude_of_origin"",12],PARAMETER[""central_meridian"",-102],PARAMETER[""standard_parallel_1"",17.5],PARAMETER[""standard_parallel_2"",29.5],PARAMETER[""false_easting"",2500000],PARAMETER[""false_northing"",0],UNIT[""metre"",1,AUTHORITY[""EPSG"",""9001""]],AXIS[""Easting"",EAST],AXIS[""Northing"",NORTH]]",T; K; S; B; SW_MAX; METODO; OBSERVACIO; CAL_POS,T:float64; K:float64; S:float64; B:float64; SW_MAX:float64; METODO:object; OBSERVACIO:object; CAL_POS:object,"{""minx"": 2875249.803520111, ""miny"": 786197.5689564776, ""maxx"": 2905561.053942513, ""maxy"": 851026.5578640215}",ok_geopandas_fallback,pyogrio_read_info fallo: The truth value of an array with more than one element is ambiguous. Use a.any() or a.all()
