id,clee,nombre_de_la_unidad_economica,codigo_de_la_clase_actividad_scian,source_folder,categoria_relevancia_ambiental,palabras_clave_detectadas,distancia_hidrografia_m,rango_distancia_hidrografia,latitud,longitud,categoria_auditada,notas_auditoria,fuente_auditoria,query_maps,query_web,keywords_detectadas,criterio_auditoria,criterio_auditoria_sugerido,categoria_sugerida,prioridad_revision,decision_estudio,texto_auditoria_normalizado,region_auditoria,localidad_auditoria,municipio_auditoria,archivo_origen_auditoria,distancia_hidrografia_auditoria_m,__original_columns
7583401,21132812210000781000000000U4,MAXI CLEAN,812210,agebs\san_martin,revisar,,6.479976602325017,0-100 m,19.28058431,-98.44960573,,,,MAXI CLEAN San Martin Texmelucan Puebla Google Maps,MAXI CLEAN San Martin Texmelucan Puebla textil mezclilla maquila lavanderia tintoreria confeccion taller,,sin evidencia suficiente; requiere revision manual,sin evidencia suficiente; requiere revision manual,revisar,alta,,maxi clean 812210 nan agebs san martin,san_martin,San Martin Texmelucan,San Martin Texmelucan,auditoria_revisar_san_martin_enriquecida.csv,6.479976602325017,"id, clee, nombre_de_la_unidad_economica, codigo_de_la_clase_actividad_scian, source_folder, categoria_relevancia_ambiental, palabras_clave_detectadas, distancia_hidrografia_m, rango_distancia_hidrografia, latitud, longitud, categoria_auditada, notas_auditoria"
8560193,21132315224000011000000000U9,TRAJES DE CARNAVAL SIN NOMBRE,315224,agebs\san_martin,revisar,,18.054003518271344,0-100 m,19.26865071,-98.43722195,,,,TRAJES DE CARNAVAL SIN NOMBRE San Martin Texmelucan Puebla Google Maps,TRAJES DE CARNAVAL SIN NOMBRE San Martin Texmelucan Puebla textil mezclilla maquila lavanderia tintoreria confeccion taller,,sin evidencia suficiente; requiere revision manual,sin evidencia suficiente; requiere revision manual,revisar,alta,,trajes de carnaval sin nombre 315224 nan agebs san martin,san_martin,San Martin Texmelucan,San Martin Texmelucan,auditoria_revisar_san_martin_enriquecida.csv,18.054003518271344,"id, clee, nombre_de_la_unidad_economica, codigo_de_la_clase_actividad_scian, source_folder, categoria_relevancia_ambiental, palabras_clave_detectadas, distancia_hidrografia_m, rango_distancia_hidrografia, latitud, longitud, categoria_auditada, notas_auditoria"
6406480,29019313210000011000012189M1,INDUSTRIAL TEXTIL DE PUEBLA,313210,agebs\san_martin,revisar,textil,20.810824026193384,0-100 m,19.29623138,-98.39827775,,,,INDUSTRIAL TEXTIL DE PUEBLA San Martin Texmelucan Puebla Google Maps,INDUSTRIAL TEXTIL DE PUEBLA San Martin Texmelucan Puebla textil mezclilla lavanderia tintoreria acabado,alta: industrial | media: textil,"posible proceso humedo/textil: contiene keywords de lavado, tenido, tintoreria, acabado o insumos quimicos","posible proceso humedo/textil: contiene keywords de lavado, tenido, tintoreria, acabado o insumos quimicos",alta,alta,,industrial textil de puebla 313210 textil agebs san martin,san_martin,San Martin Texmelucan,San Martin Texmelucan,auditoria_revisar_san_martin_enriquecida.csv,20.810824026193384,"id, clee, nombre_de_la_unidad_economica, codigo_de_la_clase_actividad_scian, source_folder, categoria_relevancia_ambiental, palabras_clave_detectadas, distancia_hidrografia_m, rango_distancia_hidrografia, latitud, longitud, categoria_auditada, notas_auditoria"
3273655,21132315229002402000000000U7,COSTURERO SIN NOMBRE,315229,agebs\san_martin,revisar,,23.118468208725258,0-100 m,19.27342916,-98.4074254,,,,COSTURERO SIN NOMBRE San Martin Texmelucan Puebla Google Maps,COSTURERO SIN NOMBRE San Martin Texmelucan Puebla textil mezclilla maquila lavanderia tintoreria confeccion taller,,sin evidencia suficiente; requiere revision manual,sin evidencia suficiente; requiere revision manual,revisar,alta,,costurero sin nombre 315229 nan agebs san martin,san_martin,San Martin Texmelucan,San Martin Texmelucan,auditoria_revisar_san_martin_enriquecida.csv,23.118468208725258,"id, clee, nombre_de_la_unidad_economica, codigo_de_la_clase_actividad_scian, source_folder, categoria_relevancia_ambiental, palabras_clave_detectadas, distancia_hidrografia_m, rango_distancia_hidrografia, latitud, longitud, categoria_auditada, notas_auditoria"
8125957,29019812210000311100000000U1,SERVICIO DE PLANCHADURIA,812210,agebs\san_martin,revisar,,37.64964807076269,0-100 m,19.27948434,-98.39485024,,,,SERVICIO DE PLANCHADURIA San Martin Texmelucan Puebla Google Maps,SERVICIO DE PLANCHADURIA San Martin Texmelucan Puebla textil mezclilla maquila lavanderia tintoreria confeccion taller,,sin evidencia suficiente; requiere revision manual,sin evidencia suficiente; requiere revision manual,revisar,alta,,servicio de planchaduria 812210 nan agebs san martin,san_martin,San Martin Texmelucan,San Martin Texmelucan,auditoria_revisar_san_martin_enriquecida.csv,37.64964807076269,"id, clee, nombre_de_la_unidad_economica, codigo_de_la_clase_actividad_scian, source_folder, categoria_relevancia_ambiental, palabras_clave_detectadas, distancia_hidrografia_m, rango_distancia_hidrografia, latitud, longitud, categoria_auditada, notas_auditoria"
10855322,21132315225000781000000000U4,COSTURERIA SIN NOMBRE,315225,agebs\san_martin,revisar,,47.51589627276338,0-100 m,19.27860593,-98.42029285,,,,COSTURERIA SIN NOMBRE San Martin Texmelucan Puebla Google Maps,COSTURERIA SIN NOMBRE San Martin Texmelucan Puebla textil mezclilla maquila lavanderia tintoreria confeccion taller,,sin evidencia suficiente; requiere revision manual,sin evidencia suficiente; requiere revision manual,revisar,alta,,costureria sin nombre 315225 nan agebs san martin,san_martin,San Martin Texmelucan,San Martin Texmelucan,auditoria_revisar_san_martin_enriquecida.csv,47.51589627276338,"id, clee, nombre_de_la_unidad_economica, codigo_de_la_clase_actividad_scian, source_folder, categoria_relevancia_ambiental, palabras_clave_detectadas, distancia_hidrografia_m, rango_distancia_hidrografia, latitud, longitud, categoria_auditada, notas_auditoria"
8120474,21132315110000012010000000U8,FABRICA DE CALCETIN,315121,agebs\san_martin,revisar,,66.60518328420117,0-100 m,19.26377251,-98.44819341,,,,FABRICA DE CALCETIN San Martin Texmelucan Puebla Google Maps,FABRICA DE CALCETIN San Martin Texmelucan Puebla textil mezclilla maquila lavanderia tintoreria confeccion taller,,sin evidencia suficiente; requiere revision manual,sin evidencia suficiente; requiere revision manual,revisar,alta,,fabrica de calcetin 315121 nan agebs san martin,san_martin,San Martin Texmelucan,San Martin Texmelucan,auditoria_revisar_san_martin_enriquecida.csv,66.60518328420117,"id, clee, nombre_de_la_unidad_economica, codigo_de_la_clase_actividad_scian, source_folder, categoria_relevancia_ambiental, palabras_clave_detectadas, distancia_hidrografia_m, rango_distancia_hidrografia, latitud, longitud, categoria_auditada, notas_auditoria"
10893825,21132315229004601000000000U2,COSTURERO A TERCEROS SIN NOMBRE,315229,agebs\san_martin,revisar,,67.64718883838799,0-100 m,19.28141335,-98.41488651,,,,COSTURERO A TERCEROS SIN NOMBRE San Martin Texmelucan Puebla Google Maps,COSTURERO A TERCEROS SIN NOMBRE San Martin Texmelucan Puebla textil mezclilla maquila lavanderia tintoreria confeccion taller,,sin evidencia suficiente; requiere revision manual,sin evidencia suficiente; requiere revision manual,revisar,alta,,costurero a terceros sin nombre 315229 nan agebs san martin,san_martin,San Martin Texmelucan,San Martin Texmelucan,auditoria_revisar_san_martin_enriquecida.csv,67.64718883838799,"id, clee, nombre_de_la_unidad_economica, codigo_de_la_clase_actividad_scian, source_folder, categoria_relevancia_ambiental, palabras_clave_detectadas, distancia_hidrografia_m, rango_distancia_hidrografia, latitud, longitud, categoria_auditada, notas_auditoria"
11816167,29019812210000542000000000U1,PLANCHADURIA SIN NOMBRE,812210,agebs\san_martin,revisar,,98.375109210403,0-100 m,19.27877683,-98.3935709,,,,PLANCHADURIA SIN NOMBRE San Martin Texmelucan Puebla Google Maps,PLANCHADURIA SIN NOMBRE San Martin Texmelucan Puebla textil mezclilla maquila lavanderia tintoreria confeccion taller,,sin evidencia suficiente; requiere revision manual,sin evidencia suficiente; requiere revision manual,revisar,alta,,planchaduria sin nombre 812210 nan agebs san martin,san_martin,San Martin Texmelucan,San Martin Texmelucan,auditoria_revisar_san_martin_enriquecida.csv,98.375109210403,"id, clee, nombre_de_la_unidad_economica, codigo_de_la_clase_actividad_scian, source_folder, categoria_relevancia_ambiental, palabras_clave_detectadas, distancia_hidrografia_m, rango_distancia_hidrografia, latitud, longitud, categoria_auditada, notas_auditoria"
8125963,29019812210000341000000000U8,PLANCHADURIA SIN NOMBRE,812210,agebs\san_martin,revisar,,123.97929991706916,100-250 m,19.27889584,-98.39621243,,,,PLANCHADURIA SIN NOMBRE San Martin Texmelucan Puebla Google Maps,PLANCHADURIA SIN NOMBRE San Martin Texmelucan Puebla textil mezclilla maquila lavanderia tintoreria confeccion taller,,sin evidencia suficiente; requiere revision manual,sin evidencia suficiente; requiere revision manual,revisar,alta,,planchaduria sin nombre 812210 nan agebs san martin,san_martin,San Martin Texmelucan,San Martin Texmelucan,auditoria_revisar_san_martin_enriquecida.csv,123.97929991706916,"id, clee, nombre_de_la_unidad_economica, codigo_de_la_clase_actividad_scian, source_folder, categoria_relevancia_ambiental, palabras_clave_detectadas, distancia_hidrografia_m, rango_distancia_hidrografia, latitud, longitud, categoria_auditada, notas_auditoria"
12317062,29015812210000161000053895S8,LAVARTEX TLAXCALA,812210,agebs\san_martin,revisar,,128.3464403622314,100-250 m,19.31148051,-98.39160091,,,,LAVARTEX TLAXCALA San Martin Texmelucan Puebla Google Maps,LAVARTEX TLAXCALA San Martin Texmelucan Puebla textil mezclilla maquila lavanderia tintoreria confeccion taller,,sin evidencia suficiente; requiere revision manual,sin evidencia suficiente; requiere revision manual,revisar,alta,,lavartex tlaxcala 812210 nan agebs san martin,san_martin,San Martin Texmelucan,San Martin Texmelucan,auditoria_revisar_san_martin_enriquecida.csv,128.3464403622314,"id, clee, nombre_de_la_unidad_economica, codigo_de_la_clase_actividad_scian, source_folder, categoria_relevancia_ambiental, palabras_clave_detectadas, distancia_hidrografia_m, rango_distancia_hidrografia, latitud, longitud, categoria_auditada, notas_auditoria"
3324123,21132315225000441000000000U5,CREACIONES ROSY,315225,agebs\san_martin,revisar,,134.4334480034459,100-250 m,19.28366246,-98.4336739,,,,CREACIONES ROSY San Martin Texmelucan Puebla Google Maps,CREACIONES ROSY San Martin Texmelucan Puebla textil mezclilla maquila lavanderia tintoreria confeccion taller,,sin evidencia suficiente; requiere revision manual,sin evidencia suficiente; requiere revision manual,revisar,alta,,creaciones rosy 315225 nan agebs san martin,san_martin,San Martin Texmelucan,San Martin Texmelucan,auditoria_revisar_san_martin_enriquecida.csv,134.4334480034459,"id, clee, nombre_de_la_unidad_economica, codigo_de_la_clase_actividad_scian, source_folder, categoria_relevancia_ambiental, palabras_clave_detectadas, distancia_hidrografia_m, rango_distancia_hidrografia, latitud, longitud, categoria_auditada, notas_auditoria"
7536382,21132315225000571000000000U9,SE HACE Y SE PEGA BOTON,315225,agebs\san_martin,revisar,,139.61930455931002,100-250 m,19.28627505,-98.47044931,,,,SE HACE Y SE PEGA BOTON San Martin Texmelucan Puebla Google Maps,SE HACE Y SE PEGA BOTON San Martin Texmelucan Puebla textil mezclilla maquila lavanderia tintoreria confeccion taller,,sin evidencia suficiente; requiere revision manual,sin evidencia suficiente; requiere revision manual,revisar,alta,,se hace y se pega boton 315225 nan agebs san martin,san_martin,San Martin Texmelucan,San Martin Texmelucan,auditoria_revisar_san_martin_enriquecida.csv,139.61930455931002,"id, clee, nombre_de_la_unidad_economica, codigo_de_la_clase_actividad_scian, source_folder, categoria_relevancia_ambiental, palabras_clave_detectadas, distancia_hidrografia_m, rango_distancia_hidrografia, latitud, longitud, categoria_auditada, notas_auditoria"
10859241,21132812210001181000000000U6,LA BURBUJITA,812210,agebs\san_martin,revisar,,141.70118314461334,100-250 m,19.27271438,-98.4591741,,,,LA BURBUJITA San Martin Texmelucan Puebla Google Maps,LA BURBUJITA San Martin Texmelucan Puebla textil mezclilla maquila lavanderia tintoreria confeccion taller,,sin evidencia suficiente; requiere revision manual,sin evidencia suficiente; requiere revision manual,revisar,alta,,la burbujita 812210 nan agebs san martin,san_martin,San Martin Texmelucan,San Martin Texmelucan,auditoria_revisar_san_martin_enriquecida.csv,141.70118314461334,"id, clee, nombre_de_la_unidad_economica, codigo_de_la_clase_actividad_scian, source_folder, categoria_relevancia_ambiental, palabras_clave_detectadas, distancia_hidrografia_m, rango_distancia_hidrografia, latitud, longitud, categoria_auditada, notas_auditoria"
9176687,21132315223000301000000000U6,COMPOSTURAS DE ROPA SIN NOMBRE,315223,agebs\san_martin,revisar,,150.22052132002392,100-250 m,19.28815838,-98.42650105,,,,COMPOSTURAS DE ROPA SIN NOMBRE San Martin Texmelucan Puebla Google Maps,COMPOSTURAS DE ROPA SIN NOMBRE San Martin Texmelucan Puebla ropa tienda comercio,baja_comercio: ropa,parece comercio simple de prendas o telas,parece comercio simple de prendas o telas,excluir,alta,,composturas de ropa sin nombre 315223 nan agebs san martin,san_martin,San Martin Texmelucan,San Martin Texmelucan,auditoria_revisar_san_martin_enriquecida.csv,150.22052132002392,"id, clee, nombre_de_la_unidad_economica, codigo_de_la_clase_actividad_scian, source_folder, categoria_relevancia_ambiental, palabras_clave_detectadas, distancia_hidrografia_m, rango_distancia_hidrografia, latitud, longitud, categoria_auditada, notas_auditoria"
3263076,21132314120000031000000000U8,CORTINAS Y DECORACIONES OSCAR,314120,agebs\san_martin,revisar,,164.31128609584673,100-250 m,19.28696153,-98.44079974,,,,CORTINAS Y DECORACIONES OSCAR San Martin Texmelucan Puebla Google Maps,CORTINAS Y DECORACIONES OSCAR San Martin Texmelucan Puebla textil mezclilla maquila lavanderia tintoreria confeccion taller,,sin evidencia suficiente; requiere revision manual,sin evidencia suficiente; requiere revision manual,revisar,alta,,cortinas y decoraciones oscar 314120 nan agebs san martin,san_martin,San Martin Texmelucan,San Martin Texmelucan,auditoria_revisar_san_martin_enriquecida.csv,164.31128609584673,"id, clee, nombre_de_la_unidad_economica, codigo_de_la_clase_actividad_scian, source_folder, categoria_relevancia_ambiental, palabras_clave_detectadas, distancia_hidrografia_m, rango_distancia_hidrografia, latitud, longitud, categoria_auditada, notas_auditoria"
3321778,21132811499000551010000000U1,COSTUREROS SIN NOMBRE,315225,agebs\san_martin,revisar,,169.81670886367002,100-250 m,19.28995866,-98.46411975,,,,COSTUREROS SIN NOMBRE San Martin Texmelucan Puebla Google Maps,COSTUREROS SIN NOMBRE San Martin Texmelucan Puebla textil mezclilla maquila lavanderia tintoreria confeccion taller,,sin evidencia suficiente; requiere revision manual,sin evidencia suficiente; requiere revision manual,revisar,alta,,costureros sin nombre 315225 nan agebs san martin,san_martin,San Martin Texmelucan,San Martin Texmelucan,auditoria_revisar_san_martin_enriquecida.csv,169.81670886367002,"id, clee, nombre_de_la_unidad_economica, codigo_de_la_clase_actividad_scian, source_folder, categoria_relevancia_ambiental, palabras_clave_detectadas, distancia_hidrografia_m, rango_distancia_hidrografia, latitud, longitud, categoria_auditada, notas_auditoria"
8077429,21132812210000981000000000U0,LUCERAMIC,812210,agebs\san_martin,revisar,,171.31167762625893,100-250 m,19.28180271,-98.4305507,,,,LUCERAMIC San Martin Texmelucan Puebla Google Maps,LUCERAMIC San Martin Texmelucan Puebla textil mezclilla maquila lavanderia tintoreria confeccion taller,,sin evidencia suficiente; requiere revision manual,sin evidencia suficiente; requiere revision manual,revisar,alta,,luceramic 812210 nan agebs san martin,san_martin,San Martin Texmelucan,San Martin Texmelucan,auditoria_revisar_san_martin_enriquecida.csv,171.31167762625893,"id, clee, nombre_de_la_unidad_economica, codigo_de_la_clase_actividad_scian, source_folder, categoria_relevancia_ambiental, palabras_clave_detectadas, distancia_hidrografia_m, rango_distancia_hidrografia, latitud, longitud, categoria_auditada, notas_auditoria"
3269804,21132314991000112000000000U0,COSTURERO SIN NOMBRE,314991,agebs\san_martin,revisar,,171.9444918319516,100-250 m,19.28027601,-98.41544836,,,,COSTURERO SIN NOMBRE San Martin Texmelucan Puebla Google Maps,COSTURERO SIN NOMBRE San Martin Texmelucan Puebla textil mezclilla maquila lavanderia tintoreria confeccion taller,,sin evidencia suficiente; requiere revision manual,sin evidencia suficiente; requiere revision manual,revisar,alta,,costurero sin nombre 314991 nan agebs san martin,san_martin,San Martin Texmelucan,San Martin Texmelucan,auditoria_revisar_san_martin_enriquecida.csv,171.9444918319516,"id, clee, nombre_de_la_unidad_economica, codigo_de_la_clase_actividad_scian, source_folder, categoria_relevancia_ambiental, palabras_clave_detectadas, distancia_hidrografia_m, rango_distancia_hidrografia, latitud, longitud, categoria_auditada, notas_auditoria"
10376182,21132314120000221000000000U5,DECORACION DE CORTINAS CREACIONES CESARS EXHIBICION,314120,agebs\san_martin,revisar,,181.75719703091505,100-250 m,19.29220047,-98.44853963,,,,DECORACION DE CORTINAS CREACIONES CESARS EXHIBICION San Martin Texmelucan Puebla Google Maps,DECORACION DE CORTINAS CREACIONES CESARS EXHIBICION San Martin Texmelucan Puebla textil mezclilla maquila lavanderia tintoreria confeccion taller,,sin evidencia suficiente; requiere revision manual,sin evidencia suficiente; requiere revision manual,revisar,alta,,decoracion de cortinas creaciones cesars exhibicion 314120 nan agebs san martin,san_martin,San Martin Texmelucan,San Martin Texmelucan,auditoria_revisar_san_martin_enriquecida.csv,181.75719703091505,"id, clee, nombre_de_la_unidad_economica, codigo_de_la_clase_actividad_scian, source_folder, categoria_relevancia_ambiental, palabras_clave_detectadas, distancia_hidrografia_m, rango_distancia_hidrografia, latitud, longitud, categoria_auditada, notas_auditoria"
7583005,21132812210000721000000000U0,HIPERCLEAN,812210,agebs\san_martin,revisar,,184.2610883111232,100-250 m,19.28642501,-98.44478408,,,,HIPERCLEAN San Martin Texmelucan Puebla Google Maps,HIPERCLEAN San Martin Texmelucan Puebla textil mezclilla maquila lavanderia tintoreria confeccion taller,,sin evidencia suficiente; requiere revision manual,sin evidencia suficiente; requiere revision manual,revisar,alta,,hiperclean 812210 nan agebs san martin,san_martin,San Martin Texmelucan,San Martin Texmelucan,auditoria_revisar_san_martin_enriquecida.csv,184.2610883111232,"id, clee, nombre_de_la_unidad_economica, codigo_de_la_clase_actividad_scian, source_folder, categoria_relevancia_ambiental, palabras_clave_detectadas, distancia_hidrografia_m, rango_distancia_hidrografia, latitud, longitud, categoria_auditada, notas_auditoria"
9726139,21132812210001241000000000U8,LAVA EXPRESS,812210,agebs\san_martin,revisar,,188.2582773002828,100-250 m,19.27734833,-98.43350453,,,,LAVA EXPRESS San Martin Texmelucan Puebla Google Maps,LAVA EXPRESS San Martin Texmelucan Puebla textil mezclilla maquila lavanderia tintoreria confeccion taller,,sin evidencia suficiente; requiere revision manual,sin evidencia suficiente; requiere revision manual,revisar,alta,,lava express 812210 nan agebs san martin,san_martin,San Martin Texmelucan,San Martin Texmelucan,auditoria_revisar_san_martin_enriquecida.csv,188.2582773002828,"id, clee, nombre_de_la_unidad_economica, codigo_de_la_clase_actividad_scian, source_folder, categoria_relevancia_ambiental, palabras_clave_detectadas, distancia_hidrografia_m, rango_distancia_hidrografia, latitud, longitud, categoria_auditada, notas_auditoria"
10796420,21132315225000861000000000U4,REPARACION DE ROPA,315225,agebs\san_martin,revisar,,189.11532419453764,100-250 m,19.2914941,-98.43343657,,,,REPARACION DE ROPA San Martin Texmelucan Puebla Google Maps,REPARACION DE ROPA San Martin Texmelucan Puebla ropa tienda comercio,baja_comercio: ropa,parece comercio simple de prendas o telas,parece comercio simple de prendas o telas,excluir,alta,,reparacion de ropa 315225 nan agebs san martin,san_martin,San Martin Texmelucan,San Martin Texmelucan,auditoria_revisar_san_martin_enriquecida.csv,189.11532419453764,"id, clee, nombre_de_la_unidad_economica, codigo_de_la_clase_actividad_scian, source_folder, categoria_relevancia_ambiental, palabras_clave_detectadas, distancia_hidrografia_m, rango_distancia_hidrografia, latitud, longitud, categoria_auditada, notas_auditoria"
11202038,21132812210001421000000000U6,TRAPITOS AL SOL,812210,agebs\san_martin,revisar,,192.9309574894128,100-250 m,19.28497891,-98.44301781,,,,TRAPITOS AL SOL San Martin Texmelucan Puebla Google Maps,TRAPITOS AL SOL San Martin Texmelucan Puebla textil mezclilla maquila lavanderia tintoreria confeccion taller,,sin evidencia suficiente; requiere revision manual,sin evidencia suficiente; requiere revision manual,revisar,alta,,trapitos al sol 812210 nan agebs san martin,san_martin,San Martin Texmelucan,San Martin Texmelucan,auditoria_revisar_san_martin_enriquecida.csv,192.9309574894128,"id, clee, nombre_de_la_unidad_economica, codigo_de_la_clase_actividad_scian, source_folder, categoria_relevancia_ambiental, palabras_clave_detectadas, distancia_hidrografia_m, rango_distancia_hidrografia, latitud, longitud, categoria_auditada, notas_auditoria"
3273665,21132315229002232000000000U8,COSTURERO SIN NOMBRE,315229,agebs\san_martin,revisar,,194.67903736364795,100-250 m,19.27283355,-98.40919604,,,,COSTURERO SIN NOMBRE San Martin Texmelucan Puebla Google Maps,COSTURERO SIN NOMBRE San Martin Texmelucan Puebla textil mezclilla maquila lavanderia tintoreria confeccion taller,,sin evidencia suficiente; requiere revision manual,sin evidencia suficiente; requiere revision manual,revisar,alta,,costurero sin nombre 315229 nan agebs san martin,san_martin,San Martin Texmelucan,San Martin Texmelucan,auditoria_revisar_san_martin_enriquecida.csv,194.67903736364795,"id, clee, nombre_de_la_unidad_economica, codigo_de_la_clase_actividad_scian, source_folder, categoria_relevancia_ambiental, palabras_clave_detectadas, distancia_hidrografia_m, rango_distancia_hidrografia, latitud, longitud, categoria_auditada, notas_auditoria"
9329155,29019812210000381010000000U4,PLANCHADURIA,315229,agebs\san_martin,revisar,,222.7762084134576,100-250 m,19.28159353,-98.3957077,,,,PLANCHADURIA San Martin Texmelucan Puebla Google Maps,PLANCHADURIA San Martin Texmelucan Puebla textil mezclilla maquila lavanderia tintoreria confeccion taller,,sin evidencia suficiente; requiere revision manual,sin evidencia suficiente; requiere revision manual,revisar,alta,,planchaduria 315229 nan agebs san martin,san_martin,San Martin Texmelucan,San Martin Texmelucan,auditoria_revisar_san_martin_enriquecida.csv,222.7762084134576,"id, clee, nombre_de_la_unidad_economica, codigo_de_la_clase_actividad_scian, source_folder, categoria_relevancia_ambiental, palabras_clave_detectadas, distancia_hidrografia_m, rango_distancia_hidrografia, latitud, longitud, categoria_auditada, notas_auditoria"
11372159,21132315225000891000000000U1,COSTURERIA SIN NOMBRE,315225,agebs\san_martin,revisar,,229.23460398832592,100-250 m,19.28296385,-98.41758255,,,,COSTURERIA SIN NOMBRE San Martin Texmelucan Puebla Google Maps,COSTURERIA SIN NOMBRE San Martin Texmelucan Puebla textil mezclilla maquila lavanderia tintoreria confeccion taller,,sin evidencia suficiente; requiere revision manual,sin evidencia suficiente; requiere revision manual,revisar,alta,,costureria sin nombre 315225 nan agebs san martin,san_martin,San Martin Texmelucan,San Martin Texmelucan,auditoria_revisar_san_martin_enriquecida.csv,229.23460398832592,"id, clee, nombre_de_la_unidad_economica, codigo_de_la_clase_actividad_scian, source_folder, categoria_relevancia_ambiental, palabras_clave_detectadas, distancia_hidrografia_m, rango_distancia_hidrografia, latitud, longitud, categoria_auditada, notas_auditoria"
10306393,29019315229001191000000000U8,PLANCHADURIA SIN NOMBRE,315229,agebs\san_martin,revisar,,240.73886815565984,100-250 m,19.28099056,-98.39633592,,,,PLANCHADURIA SIN NOMBRE San Martin Texmelucan Puebla Google Maps,PLANCHADURIA SIN NOMBRE San Martin Texmelucan Puebla textil mezclilla maquila lavanderia tintoreria confeccion taller,,sin evidencia suficiente; requiere revision manual,sin evidencia suficiente; requiere revision manual,revisar,alta,,planchaduria sin nombre 315229 nan agebs san martin,san_martin,San Martin Texmelucan,San Martin Texmelucan,auditoria_revisar_san_martin_enriquecida.csv,240.73886815565984,"id, clee, nombre_de_la_unidad_economica, codigo_de_la_clase_actividad_scian, source_folder, categoria_relevancia_ambiental, palabras_clave_detectadas, distancia_hidrografia_m, rango_distancia_hidrografia, latitud, longitud, categoria_auditada, notas_auditoria"
3411772,21132463211000691021000000U5,PLAYERAS KALUS,315229,agebs\san_martin,revisar,,257.1280881632171,250-500 m,19.28688772,-98.4660331,,,,PLAYERAS KALUS San Martin Texmelucan Puebla Google Maps,PLAYERAS KALUS San Martin Texmelucan Puebla textil mezclilla maquila lavanderia tintoreria confeccion taller,,sin evidencia suficiente; requiere revision manual,sin evidencia suficiente; requiere revision manual,revisar,manual,,playeras kalus 315229 nan agebs san martin,san_martin,San Martin Texmelucan,San Martin Texmelucan,auditoria_revisar_san_martin_enriquecida.csv,257.1280881632171,"id, clee, nombre_de_la_unidad_economica, codigo_de_la_clase_actividad_scian, source_folder, categoria_relevancia_ambiental, palabras_clave_detectadas, distancia_hidrografia_m, rango_distancia_hidrografia, latitud, longitud, categoria_auditada, notas_auditoria"
8126354,29019313310000052000000000U3,PROCESOS EL GATO,313310,agebs\san_martin,revisar,,264.07814754042977,250-500 m,19.28252885,-98.39486495,,,,PROCESOS EL GATO San Martin Texmelucan Puebla Google Maps,PROCESOS EL GATO San Martin Texmelucan Puebla textil mezclilla maquila lavanderia tintoreria confeccion taller,,sin evidencia suficiente; requiere revision manual,sin evidencia suficiente; requiere revision manual,revisar,manual,,procesos el gato 313310 nan agebs san martin,san_martin,San Martin Texmelucan,San Martin Texmelucan,auditoria_revisar_san_martin_enriquecida.csv,264.07814754042977,"id, clee, nombre_de_la_unidad_economica, codigo_de_la_clase_actividad_scian, source_folder, categoria_relevancia_ambiental, palabras_clave_detectadas, distancia_hidrografia_m, rango_distancia_hidrografia, latitud, longitud, categoria_auditada, notas_auditoria"
9398880,29015812210000113000053895S9,LAVARTEX TLAXCALA,812210,agebs\san_martin,revisar,,265.95149923315563,250-500 m,19.31064033,-98.39251059,,,,LAVARTEX TLAXCALA San Martin Texmelucan Puebla Google Maps,LAVARTEX TLAXCALA San Martin Texmelucan Puebla textil mezclilla maquila lavanderia tintoreria confeccion taller,,sin evidencia suficiente; requiere revision manual,sin evidencia suficiente; requiere revision manual,revisar,manual,,lavartex tlaxcala 812210 nan agebs san martin,san_martin,San Martin Texmelucan,San Martin Texmelucan,auditoria_revisar_san_martin_enriquecida.csv,265.95149923315563,"id, clee, nombre_de_la_unidad_economica, codigo_de_la_clase_actividad_scian, source_folder, categoria_relevancia_ambiental, palabras_clave_detectadas, distancia_hidrografia_m, rango_distancia_hidrografia, latitud, longitud, categoria_auditada, notas_auditoria"
11430400,21132812210001161000000000U8,SERVICLEAN,812210,agebs\san_martin,revisar,,268.7152505527339,250-500 m,19.28668892,-98.43755143,,,,SERVICLEAN San Martin Texmelucan Puebla Google Maps,SERVICLEAN San Martin Texmelucan Puebla textil mezclilla maquila lavanderia tintoreria confeccion taller,,sin evidencia suficiente; requiere revision manual,sin evidencia suficiente; requiere revision manual,revisar,manual,,serviclean 812210 nan agebs san martin,san_martin,San Martin Texmelucan,San Martin Texmelucan,auditoria_revisar_san_martin_enriquecida.csv,268.7152505527339,"id, clee, nombre_de_la_unidad_economica, codigo_de_la_clase_actividad_scian, source_folder, categoria_relevancia_ambiental, palabras_clave_detectadas, distancia_hidrografia_m, rango_distancia_hidrografia, latitud, longitud, categoria_auditada, notas_auditoria"
10026284,21132315229004651000000000U7,COSTURERO A TERCEROS SIN NOMBRE,315229,agebs\san_martin,revisar,,269.7983596772285,250-500 m,19.28192856,-98.41596898,,,,COSTURERO A TERCEROS SIN NOMBRE San Martin Texmelucan Puebla Google Maps,COSTURERO A TERCEROS SIN NOMBRE San Martin Texmelucan Puebla textil mezclilla maquila lavanderia tintoreria confeccion taller,,sin evidencia suficiente; requiere revision manual,sin evidencia suficiente; requiere revision manual,revisar,manual,,costurero a terceros sin nombre 315229 nan agebs san martin,san_martin,San Martin Texmelucan,San Martin Texmelucan,auditoria_revisar_san_martin_enriquecida.csv,269.7983596772285,"id, clee, nombre_de_la_unidad_economica, codigo_de_la_clase_actividad_scian, source_folder, categoria_relevancia_ambiental, palabras_clave_detectadas, distancia_hidrografia_m, rango_distancia_hidrografia, latitud, longitud, categoria_auditada, notas_auditoria"
10747743,21132315223000391000000000U7,COSTURERO A TERCEROS SIN NOMBRE,315229,agebs\san_martin,revisar,,280.7825815057725,250-500 m,19.28142673,-98.41477167,,,,COSTURERO A TERCEROS SIN NOMBRE San Martin Texmelucan Puebla Google Maps,COSTURERO A TERCEROS SIN NOMBRE San Martin Texmelucan Puebla textil mezclilla maquila lavanderia tintoreria confeccion taller,,sin evidencia suficiente; requiere revision manual,sin evidencia suficiente; requiere revision manual,revisar,manual,,costurero a terceros sin nombre 315229 nan agebs san martin,san_martin,San Martin Texmelucan,San Martin Texmelucan,auditoria_revisar_san_martin_enriquecida.csv,280.7825815057725,"id, clee, nombre_de_la_unidad_economica, codigo_de_la_clase_actividad_scian, source_folder, categoria_relevancia_ambiental, palabras_clave_detectadas, distancia_hidrografia_m, rango_distancia_hidrografia, latitud, longitud, categoria_auditada, notas_auditoria"
11347848,21132315229005061000000000U8,ATELIER DESING,315229,agebs\san_martin,revisar,,281.0820454261957,250-500 m,19.28381986,-98.43469131,,,,ATELIER DESING San Martin Texmelucan Puebla Google Maps,ATELIER DESING San Martin Texmelucan Puebla textil mezclilla maquila lavanderia tintoreria confeccion taller,,sin evidencia suficiente; requiere revision manual,sin evidencia suficiente; requiere revision manual,revisar,manual,,atelier desing 315229 nan agebs san martin,san_martin,San Martin Texmelucan,San Martin Texmelucan,auditoria_revisar_san_martin_enriquecida.csv,281.0820454261957,"id, clee, nombre_de_la_unidad_economica, codigo_de_la_clase_actividad_scian, source_folder, categoria_relevancia_ambiental, palabras_clave_detectadas, distancia_hidrografia_m, rango_distancia_hidrografia, latitud, longitud, categoria_auditada, notas_auditoria"
11663310,21132315225000871000000000U3,COSTURERIA SIN NOMBRE,315225,agebs\san_martin,revisar,,291.3170417754029,250-500 m,19.28398198,-98.41622241,,,,COSTURERIA SIN NOMBRE San Martin Texmelucan Puebla Google Maps,COSTURERIA SIN NOMBRE San Martin Texmelucan Puebla textil mezclilla maquila lavanderia tintoreria confeccion taller,,sin evidencia suficiente; requiere revision manual,sin evidencia suficiente; requiere revision manual,revisar,manual,,costureria sin nombre 315225 nan agebs san martin,san_martin,San Martin Texmelucan,San Martin Texmelucan,auditoria_revisar_san_martin_enriquecida.csv,291.3170417754029,"id, clee, nombre_de_la_unidad_economica, codigo_de_la_clase_actividad_scian, source_folder, categoria_relevancia_ambiental, palabras_clave_detectadas, distancia_hidrografia_m, rango_distancia_hidrografia, latitud, longitud, categoria_auditada, notas_auditoria"
10936997,29019315229001121000000000U5,ARMADO DE BLUSA PARA DAMA,315229,agebs\san_martin,revisar,,294.5121438774089,250-500 m,19.27170883,-98.38265058,,,,ARMADO DE BLUSA PARA DAMA San Martin Texmelucan Puebla Google Maps,ARMADO DE BLUSA PARA DAMA San Martin Texmelucan Puebla textil mezclilla maquila lavanderia tintoreria confeccion taller,,sin evidencia suficiente; requiere revision manual,sin evidencia suficiente; requiere revision manual,revisar,manual,,armado de blusa para dama 315229 nan agebs san martin,san_martin,San Martin Texmelucan,San Martin Texmelucan,auditoria_revisar_san_martin_enriquecida.csv,294.5121438774089,"id, clee, nombre_de_la_unidad_economica, codigo_de_la_clase_actividad_scian, source_folder, categoria_relevancia_ambiental, palabras_clave_detectadas, distancia_hidrografia_m, rango_distancia_hidrografia, latitud, longitud, categoria_auditada, notas_auditoria"
10194425,21132315229004361000000000U3,COSTURERO A TERCEROS SIN NOMBRE,315229,agebs\san_martin,revisar,,301.70191105703896,250-500 m,19.28139061,-98.41504036,,,,COSTURERO A TERCEROS SIN NOMBRE San Martin Texmelucan Puebla Google Maps,COSTURERO A TERCEROS SIN NOMBRE San Martin Texmelucan Puebla textil mezclilla maquila lavanderia tintoreria confeccion taller,,sin evidencia suficiente; requiere revision manual,sin evidencia suficiente; requiere revision manual,revisar,manual,,costurero a terceros sin nombre 315229 nan agebs san martin,san_martin,San Martin Texmelucan,San Martin Texmelucan,auditoria_revisar_san_martin_enriquecida.csv,301.70191105703896,"id, clee, nombre_de_la_unidad_economica, codigo_de_la_clase_actividad_scian, source_folder, categoria_relevancia_ambiental, palabras_clave_detectadas, distancia_hidrografia_m, rango_distancia_hidrografia, latitud, longitud, categoria_auditada, notas_auditoria"
10778198,21132315221000021000000000U4,PIJAMA OOUCH,315221,agebs\san_martin,revisar,,303.7160988032551,250-500 m,19.2887342,-98.46594532,,,,PIJAMA OOUCH San Martin Texmelucan Puebla Google Maps,PIJAMA OOUCH San Martin Texmelucan Puebla textil mezclilla maquila lavanderia tintoreria confeccion taller,,sin evidencia suficiente; requiere revision manual,sin evidencia suficiente; requiere revision manual,revisar,manual,,pijama oouch 315221 nan agebs san martin,san_martin,San Martin Texmelucan,San Martin Texmelucan,auditoria_revisar_san_martin_enriquecida.csv,303.7160988032551,"id, clee, nombre_de_la_unidad_economica, codigo_de_la_clase_actividad_scian, source_folder, categoria_relevancia_ambiental, palabras_clave_detectadas, distancia_hidrografia_m, rango_distancia_hidrografia, latitud, longitud, categoria_auditada, notas_auditoria"
3263381,21132315225000211010000000U2,NOVIAS KARLA,315229,agebs\san_martin,revisar,,304.9478644352057,250-500 m,19.28370818,-98.43395994,,,,NOVIAS KARLA San Martin Texmelucan Puebla Google Maps,NOVIAS KARLA San Martin Texmelucan Puebla textil mezclilla maquila lavanderia tintoreria confeccion taller,,sin evidencia suficiente; requiere revision manual,sin evidencia suficiente; requiere revision manual,revisar,manual,,novias karla 315229 nan agebs san martin,san_martin,San Martin Texmelucan,San Martin Texmelucan,auditoria_revisar_san_martin_enriquecida.csv,304.9478644352057,"id, clee, nombre_de_la_unidad_economica, codigo_de_la_clase_actividad_scian, source_folder, categoria_relevancia_ambiental, palabras_clave_detectadas, distancia_hidrografia_m, rango_distancia_hidrografia, latitud, longitud, categoria_auditada, notas_auditoria"
10283642,29019812210000521000000000U5,SERVICIO DE PLANCHADO,812210,agebs\san_martin,revisar,,318.15922515765686,250-500 m,19.2797789,-98.39564524,,,,SERVICIO DE PLANCHADO San Martin Texmelucan Puebla Google Maps,SERVICIO DE PLANCHADO San Martin Texmelucan Puebla textil mezclilla maquila lavanderia tintoreria confeccion taller,,sin evidencia suficiente; requiere revision manual,sin evidencia suficiente; requiere revision manual,revisar,manual,,servicio de planchado 812210 nan agebs san martin,san_martin,San Martin Texmelucan,San Martin Texmelucan,auditoria_revisar_san_martin_enriquecida.csv,318.15922515765686,"id, clee, nombre_de_la_unidad_economica, codigo_de_la_clase_actividad_scian, source_folder, categoria_relevancia_ambiental, palabras_clave_detectadas, distancia_hidrografia_m, rango_distancia_hidrografia, latitud, longitud, categoria_auditada, notas_auditoria"
8126015,29019812210000352001000000U5,PLANCHADURIA SIN NOMBRE,812210,agebs\san_martin,revisar,,321.6692433909462,250-500 m,19.27958514,-98.39329875,,,,PLANCHADURIA SIN NOMBRE San Martin Texmelucan Puebla Google Maps,PLANCHADURIA SIN NOMBRE San Martin Texmelucan Puebla textil mezclilla maquila lavanderia tintoreria confeccion taller,,sin evidencia suficiente; requiere revision manual,sin evidencia suficiente; requiere revision manual,revisar,manual,,planchaduria sin nombre 812210 nan agebs san martin,san_martin,San Martin Texmelucan,San Martin Texmelucan,auditoria_revisar_san_martin_enriquecida.csv,321.6692433909462,"id, clee, nombre_de_la_unidad_economica, codigo_de_la_clase_actividad_scian, source_folder, categoria_relevancia_ambiental, palabras_clave_detectadas, distancia_hidrografia_m, rango_distancia_hidrografia, latitud, longitud, categoria_auditada, notas_auditoria"
11126971,21132315229004501000000000U4,COSTURERO A TERCEROS SIN NOMBRE,315229,agebs\san_martin,revisar,,327.9707056506964,250-500 m,19.28203879,-98.41452531,,,,COSTURERO A TERCEROS SIN NOMBRE San Martin Texmelucan Puebla Google Maps,COSTURERO A TERCEROS SIN NOMBRE San Martin Texmelucan Puebla textil mezclilla maquila lavanderia tintoreria confeccion taller,,sin evidencia suficiente; requiere revision manual,sin evidencia suficiente; requiere revision manual,revisar,manual,,costurero a terceros sin nombre 315229 nan agebs san martin,san_martin,San Martin Texmelucan,San Martin Texmelucan,auditoria_revisar_san_martin_enriquecida.csv,327.9707056506964,"id, clee, nombre_de_la_unidad_economica, codigo_de_la_clase_actividad_scian, source_folder, categoria_relevancia_ambiental, palabras_clave_detectadas, distancia_hidrografia_m, rango_distancia_hidrografia, latitud, longitud, categoria_auditada, notas_auditoria"
6405915,29015313210000016001000000U8,POLITEL,313210,agebs\san_martin,revisar,,329.52717220148594,250-500 m,19.31328784,-98.38636114,,,,POLITEL San Martin Texmelucan Puebla Google Maps,POLITEL San Martin Texmelucan Puebla textil mezclilla maquila lavanderia tintoreria confeccion taller,,sin evidencia suficiente; requiere revision manual,sin evidencia suficiente; requiere revision manual,revisar,manual,,politel 313210 nan agebs san martin,san_martin,San Martin Texmelucan,San Martin Texmelucan,auditoria_revisar_san_martin_enriquecida.csv,329.52717220148594,"id, clee, nombre_de_la_unidad_economica, codigo_de_la_clase_actividad_scian, source_folder, categoria_relevancia_ambiental, palabras_clave_detectadas, distancia_hidrografia_m, rango_distancia_hidrografia, latitud, longitud, categoria_auditada, notas_auditoria"
10526395,21132315225000841000000000U6,COSTURERIA SIN NOMBRE,315225,agebs\san_martin,revisar,,331.2759603610203,250-500 m,19.28209259,-98.42062388,,,,COSTURERIA SIN NOMBRE San Martin Texmelucan Puebla Google Maps,COSTURERIA SIN NOMBRE San Martin Texmelucan Puebla textil mezclilla maquila lavanderia tintoreria confeccion taller,,sin evidencia suficiente; requiere revision manual,sin evidencia suficiente; requiere revision manual,revisar,manual,,costureria sin nombre 315225 nan agebs san martin,san_martin,San Martin Texmelucan,San Martin Texmelucan,auditoria_revisar_san_martin_enriquecida.csv,331.2759603610203,"id, clee, nombre_de_la_unidad_economica, codigo_de_la_clase_actividad_scian, source_folder, categoria_relevancia_ambiental, palabras_clave_detectadas, distancia_hidrografia_m, rango_distancia_hidrografia, latitud, longitud, categoria_auditada, notas_auditoria"
9877139,21132315225000811000000000U9,COSTURERIA SIN NOMBRE,315225,agebs\san_martin,revisar,,337.2115192398897,250-500 m,19.28137885,-98.42066995,,,,COSTURERIA SIN NOMBRE San Martin Texmelucan Puebla Google Maps,COSTURERIA SIN NOMBRE San Martin Texmelucan Puebla textil mezclilla maquila lavanderia tintoreria confeccion taller,,sin evidencia suficiente; requiere revision manual,sin evidencia suficiente; requiere revision manual,revisar,manual,,costureria sin nombre 315225 nan agebs san martin,san_martin,San Martin Texmelucan,San Martin Texmelucan,auditoria_revisar_san_martin_enriquecida.csv,337.2115192398897,"id, clee, nombre_de_la_unidad_economica, codigo_de_la_clase_actividad_scian, source_folder, categoria_relevancia_ambiental, palabras_clave_detectadas, distancia_hidrografia_m, rango_distancia_hidrografia, latitud, longitud, categoria_auditada, notas_auditoria"
7536246,21143314912000011000000000U7,LONAS Y LUMINOSOS KENIA,314912,agebs\san_martin,revisar,,359.4030525006756,250-500 m,19.30979736,-98.48354746,,,,LONAS Y LUMINOSOS KENIA San Martin Texmelucan Puebla Google Maps,LONAS Y LUMINOSOS KENIA San Martin Texmelucan Puebla textil mezclilla maquila lavanderia tintoreria confeccion taller,,sin evidencia suficiente; requiere revision manual,sin evidencia suficiente; requiere revision manual,revisar,manual,,lonas y luminosos kenia 314912 nan agebs san martin,san_martin,San Martin Texmelucan,San Martin Texmelucan,auditoria_revisar_san_martin_enriquecida.csv,359.4030525006756,"id, clee, nombre_de_la_unidad_economica, codigo_de_la_clase_actividad_scian, source_folder, categoria_relevancia_ambiental, palabras_clave_detectadas, distancia_hidrografia_m, rango_distancia_hidrografia, latitud, longitud, categoria_auditada, notas_auditoria"
8777500,21132315225000751010000000U7,MAQUILERO SIN NOMBRE,315229,agebs\san_martin,revisar,,359.4474905514942,250-500 m,19.28818892,-98.43799477,,,,MAQUILERO SIN NOMBRE San Martin Texmelucan Puebla Google Maps,MAQUILERO SIN NOMBRE San Martin Texmelucan Puebla textil mezclilla maquila lavanderia tintoreria confeccion taller,,sin evidencia suficiente; requiere revision manual,sin evidencia suficiente; requiere revision manual,revisar,manual,,maquilero sin nombre 315229 nan agebs san martin,san_martin,San Martin Texmelucan,San Martin Texmelucan,auditoria_revisar_san_martin_enriquecida.csv,359.4474905514942,"id, clee, nombre_de_la_unidad_economica, codigo_de_la_clase_actividad_scian, source_folder, categoria_relevancia_ambiental, palabras_clave_detectadas, distancia_hidrografia_m, rango_distancia_hidrografia, latitud, longitud, categoria_auditada, notas_auditoria"
8120125,21132313320000011000000000U7,LONAS Y TOLDOS G M,313320,agebs\san_martin,revisar,,365.6508616624721,250-500 m,19.27700139,-98.43174044,,,,LONAS Y TOLDOS G M San Martin Texmelucan Puebla Google Maps,LONAS Y TOLDOS G M San Martin Texmelucan Puebla textil mezclilla maquila lavanderia tintoreria confeccion taller,,sin evidencia suficiente; requiere revision manual,sin evidencia suficiente; requiere revision manual,revisar,manual,,lonas y toldos g m 313320 nan agebs san martin,san_martin,San Martin Texmelucan,San Martin Texmelucan,auditoria_revisar_san_martin_enriquecida.csv,365.6508616624721,"id, clee, nombre_de_la_unidad_economica, codigo_de_la_clase_actividad_scian, source_folder, categoria_relevancia_ambiental, palabras_clave_detectadas, distancia_hidrografia_m, rango_distancia_hidrografia, latitud, longitud, categoria_auditada, notas_auditoria"
11154016,21143812210000071000000000U7,ACTIVIDADES DENTRO DE LA VIVIENDA,812210,agebs\san_martin,revisar,,378.7943183836415,250-500 m,19.30560952,-98.478712,,,,ACTIVIDADES DENTRO DE LA VIVIENDA San Martin Texmelucan Puebla Google Maps,ACTIVIDADES DENTRO DE LA VIVIENDA San Martin Texmelucan Puebla textil mezclilla maquila lavanderia tintoreria confeccion taller,,sin evidencia suficiente; requiere revision manual,sin evidencia suficiente; requiere revision manual,revisar,manual,,actividades dentro de la vivienda 812210 nan agebs san martin,san_martin,San Martin Texmelucan,San Martin Texmelucan,auditoria_revisar_san_martin_enriquecida.csv,378.7943183836415,"id, clee, nombre_de_la_unidad_economica, codigo_de_la_clase_actividad_scian, source_folder, categoria_relevancia_ambiental, palabras_clave_detectadas, distancia_hidrografia_m, rango_distancia_hidrografia, latitud, longitud, categoria_auditada, notas_auditoria"
8776893,21132314912000031000000000U8,LONAS CHIQUIS,314912,agebs\san_martin,revisar,,379.33000990834734,250-500 m,19.28951041,-98.41787373,,,,LONAS CHIQUIS San Martin Texmelucan Puebla Google Maps,LONAS CHIQUIS San Martin Texmelucan Puebla textil mezclilla maquila lavanderia tintoreria confeccion taller,,sin evidencia suficiente; requiere revision manual,sin evidencia suficiente; requiere revision manual,revisar,manual,,lonas chiquis 314912 nan agebs san martin,san_martin,San Martin Texmelucan,San Martin Texmelucan,auditoria_revisar_san_martin_enriquecida.csv,379.33000990834734,"id, clee, nombre_de_la_unidad_economica, codigo_de_la_clase_actividad_scian, source_folder, categoria_relevancia_ambiental, palabras_clave_detectadas, distancia_hidrografia_m, rango_distancia_hidrografia, latitud, longitud, categoria_auditada, notas_auditoria"
11590807,29019315225000101000000000U6,ARMADO DE SUDADERA SIN NOMBRE,315225,agebs\san_martin,revisar,,385.9148620057708,250-500 m,19.28097558,-98.39115614,,,,ARMADO DE SUDADERA SIN NOMBRE San Martin Texmelucan Puebla Google Maps,ARMADO DE SUDADERA SIN NOMBRE San Martin Texmelucan Puebla textil mezclilla maquila lavanderia tintoreria confeccion taller,,sin evidencia suficiente; requiere revision manual,sin evidencia suficiente; requiere revision manual,revisar,manual,,armado de sudadera sin nombre 315225 nan agebs san martin,san_martin,San Martin Texmelucan,San Martin Texmelucan,auditoria_revisar_san_martin_enriquecida.csv,385.9148620057708,"id, clee, nombre_de_la_unidad_economica, codigo_de_la_clase_actividad_scian, source_folder, categoria_relevancia_ambiental, palabras_clave_detectadas, distancia_hidrografia_m, rango_distancia_hidrografia, latitud, longitud, categoria_auditada, notas_auditoria"
6378165,21132315229002885002000000U3,PLAYERAS KALUS,315229,agebs\san_martin,revisar,,385.9148620057708,250-500 m,19.28592366,-98.46626808,,,,PLAYERAS KALUS San Martin Texmelucan Puebla Google Maps,PLAYERAS KALUS San Martin Texmelucan Puebla textil mezclilla maquila lavanderia tintoreria confeccion taller,,sin evidencia suficiente; requiere revision manual,sin evidencia suficiente; requiere revision manual,revisar,manual,,playeras kalus 315229 nan agebs san martin,san_martin,San Martin Texmelucan,San Martin Texmelucan,auditoria_revisar_san_martin_enriquecida.csv,385.9148620057708,"id, clee, nombre_de_la_unidad_economica, codigo_de_la_clase_actividad_scian, source_folder, categoria_relevancia_ambiental, palabras_clave_detectadas, distancia_hidrografia_m, rango_distancia_hidrografia, latitud, longitud, categoria_auditada, notas_auditoria"
6271697,21132313210000016102003933S9,FABRICA DE SAN MARTIN,313210,agebs\san_martin,revisar,,395.4139758581218,250-500 m,19.29210931,-98.44304428,,,,FABRICA DE SAN MARTIN San Martin Texmelucan Puebla Google Maps,FABRICA DE SAN MARTIN San Martin Texmelucan Puebla textil mezclilla maquila lavanderia tintoreria confeccion taller,,sin evidencia suficiente; requiere revision manual,sin evidencia suficiente; requiere revision manual,revisar,manual,,fabrica de san martin 313210 nan agebs san martin,san_martin,San Martin Texmelucan,San Martin Texmelucan,auditoria_revisar_san_martin_enriquecida.csv,395.4139758581218,"id, clee, nombre_de_la_unidad_economica, codigo_de_la_clase_actividad_scian, source_folder, categoria_relevancia_ambiental, palabras_clave_detectadas, distancia_hidrografia_m, rango_distancia_hidrografia, latitud, longitud, categoria_auditada, notas_auditoria"
11162688,21132315223000441000000000U0,COSTUREROS A TERCEROS SIN NOMBRE,315225,agebs\san_martin,revisar,,400.81689631584607,250-500 m,19.28243119,-98.41579155,,,,COSTUREROS A TERCEROS SIN NOMBRE San Martin Texmelucan Puebla Google Maps,COSTUREROS A TERCEROS SIN NOMBRE San Martin Texmelucan Puebla textil mezclilla maquila lavanderia tintoreria confeccion taller,,sin evidencia suficiente; requiere revision manual,sin evidencia suficiente; requiere revision manual,revisar,manual,,costureros a terceros sin nombre 315225 nan agebs san martin,san_martin,San Martin Texmelucan,San Martin Texmelucan,auditoria_revisar_san_martin_enriquecida.csv,400.81689631584607,"id, clee, nombre_de_la_unidad_economica, codigo_de_la_clase_actividad_scian, source_folder, categoria_relevancia_ambiental, palabras_clave_detectadas, distancia_hidrografia_m, rango_distancia_hidrografia, latitud, longitud, categoria_auditada, notas_auditoria"
4185239,29019812210000171000000000U9,PLANCHADURIA,812210,agebs\san_martin,revisar,,401.0330293586992,250-500 m,19.27838887,-98.39418281,,,,PLANCHADURIA San Martin Texmelucan Puebla Google Maps,PLANCHADURIA San Martin Texmelucan Puebla textil mezclilla maquila lavanderia tintoreria confeccion taller,,sin evidencia suficiente; requiere revision manual,sin evidencia suficiente; requiere revision manual,revisar,manual,,planchaduria 812210 nan agebs san martin,san_martin,San Martin Texmelucan,San Martin Texmelucan,auditoria_revisar_san_martin_enriquecida.csv,401.0330293586992,"id, clee, nombre_de_la_unidad_economica, codigo_de_la_clase_actividad_scian, source_folder, categoria_relevancia_ambiental, palabras_clave_detectadas, distancia_hidrografia_m, rango_distancia_hidrografia, latitud, longitud, categoria_auditada, notas_auditoria"
8125956,29019812210000301100000000U2,PLANCHADURIA Y OJAL DE BOTELLA,812210,agebs\san_martin,revisar,,407.3914405662729,250-500 m,19.28138162,-98.39798726,,,,PLANCHADURIA Y OJAL DE BOTELLA San Martin Texmelucan Puebla Google Maps,PLANCHADURIA Y OJAL DE BOTELLA San Martin Texmelucan Puebla textil mezclilla maquila lavanderia tintoreria confeccion taller,,sin evidencia suficiente; requiere revision manual,sin evidencia suficiente; requiere revision manual,revisar,manual,,planchaduria y ojal de botella 812210 nan agebs san martin,san_martin,San Martin Texmelucan,San Martin Texmelucan,auditoria_revisar_san_martin_enriquecida.csv,407.3914405662729,"id, clee, nombre_de_la_unidad_economica, codigo_de_la_clase_actividad_scian, source_folder, categoria_relevancia_ambiental, palabras_clave_detectadas, distancia_hidrografia_m, rango_distancia_hidrografia, latitud, longitud, categoria_auditada, notas_auditoria"
11464962,21132315225000801000000000U0,COSTURERIA SIN NOMBRE,315225,agebs\san_martin,revisar,,417.5463866110538,250-500 m,19.2787902,-98.42084443,,,,COSTURERIA SIN NOMBRE San Martin Texmelucan Puebla Google Maps,COSTURERIA SIN NOMBRE San Martin Texmelucan Puebla textil mezclilla maquila lavanderia tintoreria confeccion taller,,sin evidencia suficiente; requiere revision manual,sin evidencia suficiente; requiere revision manual,revisar,manual,,costureria sin nombre 315225 nan agebs san martin,san_martin,San Martin Texmelucan,San Martin Texmelucan,auditoria_revisar_san_martin_enriquecida.csv,417.5463866110538,"id, clee, nombre_de_la_unidad_economica, codigo_de_la_clase_actividad_scian, source_folder, categoria_relevancia_ambiental, palabras_clave_detectadas, distancia_hidrografia_m, rango_distancia_hidrografia, latitud, longitud, categoria_auditada, notas_auditoria"
9936813,21132315223000591000000000U2,COSTURERO SIN NOMBRE,315229,agebs\san_martin,revisar,,425.9585508315549,250-500 m,19.27994817,-98.41655241,,,,COSTURERO SIN NOMBRE San Martin Texmelucan Puebla Google Maps,COSTURERO SIN NOMBRE San Martin Texmelucan Puebla textil mezclilla maquila lavanderia tintoreria confeccion taller,,sin evidencia suficiente; requiere revision manual,sin evidencia suficiente; requiere revision manual,revisar,manual,,costurero sin nombre 315229 nan agebs san martin,san_martin,San Martin Texmelucan,San Martin Texmelucan,auditoria_revisar_san_martin_enriquecida.csv,425.9585508315549,"id, clee, nombre_de_la_unidad_economica, codigo_de_la_clase_actividad_scian, source_folder, categoria_relevancia_ambiental, palabras_clave_detectadas, distancia_hidrografia_m, rango_distancia_hidrografia, latitud, longitud, categoria_auditada, notas_auditoria"
11319881,21132315225000881000000000U2,COSTURERIA SIN NOMBRE,315225,agebs\san_martin,revisar,,429.7157312579244,250-500 m,19.28103146,-98.41848506,,,,COSTURERIA SIN NOMBRE San Martin Texmelucan Puebla Google Maps,COSTURERIA SIN NOMBRE San Martin Texmelucan Puebla textil mezclilla maquila lavanderia tintoreria confeccion taller,,sin evidencia suficiente; requiere revision manual,sin evidencia suficiente; requiere revision manual,revisar,manual,,costureria sin nombre 315225 nan agebs san martin,san_martin,San Martin Texmelucan,San Martin Texmelucan,auditoria_revisar_san_martin_enriquecida.csv,429.7157312579244,"id, clee, nombre_de_la_unidad_economica, codigo_de_la_clase_actividad_scian, source_folder, categoria_relevancia_ambiental, palabras_clave_detectadas, distancia_hidrografia_m, rango_distancia_hidrografia, latitud, longitud, categoria_auditada, notas_auditoria"
3262975,21132315229002703001000000U8,GRUPO FREVANY,315229,agebs\san_martin,revisar,,447.3952236063821,250-500 m,19.28969584,-98.43821155,,,,GRUPO FREVANY San Martin Texmelucan Puebla Google Maps,GRUPO FREVANY San Martin Texmelucan Puebla textil mezclilla maquila lavanderia tintoreria confeccion taller,,sin evidencia suficiente; requiere revision manual,sin evidencia suficiente; requiere revision manual,revisar,manual,,grupo frevany 315229 nan agebs san martin,san_martin,San Martin Texmelucan,San Martin Texmelucan,auditoria_revisar_san_martin_enriquecida.csv,447.3952236063821,"id, clee, nombre_de_la_unidad_economica, codigo_de_la_clase_actividad_scian, source_folder, categoria_relevancia_ambiental, palabras_clave_detectadas, distancia_hidrografia_m, rango_distancia_hidrografia, latitud, longitud, categoria_auditada, notas_auditoria"
11372930,21132314120000171000000000U2,CREACIONES GAROS,314120,agebs\san_martin,revisar,,453.61837478581526,250-500 m,19.27400062,-98.45744681,,,,CREACIONES GAROS San Martin Texmelucan Puebla Google Maps,CREACIONES GAROS San Martin Texmelucan Puebla textil mezclilla maquila lavanderia tintoreria confeccion taller,,sin evidencia suficiente; requiere revision manual,sin evidencia suficiente; requiere revision manual,revisar,manual,,creaciones garos 314120 nan agebs san martin,san_martin,San Martin Texmelucan,San Martin Texmelucan,auditoria_revisar_san_martin_enriquecida.csv,453.61837478581526,"id, clee, nombre_de_la_unidad_economica, codigo_de_la_clase_actividad_scian, source_folder, categoria_relevancia_ambiental, palabras_clave_detectadas, distancia_hidrografia_m, rango_distancia_hidrografia, latitud, longitud, categoria_auditada, notas_auditoria"
7583210,21132315225000611000000000U3,GALI DE MEXICO,315225,agebs\san_martin,revisar,,486.0233709051764,250-500 m,19.28928052,-98.43309813,,,,GALI DE MEXICO San Martin Texmelucan Puebla Google Maps,GALI DE MEXICO San Martin Texmelucan Puebla textil mezclilla maquila lavanderia tintoreria confeccion taller,,sin evidencia suficiente; requiere revision manual,sin evidencia suficiente; requiere revision manual,revisar,manual,,gali de mexico 315225 nan agebs san martin,san_martin,San Martin Texmelucan,San Martin Texmelucan,auditoria_revisar_san_martin_enriquecida.csv,486.0233709051764,"id, clee, nombre_de_la_unidad_economica, codigo_de_la_clase_actividad_scian, source_folder, categoria_relevancia_ambiental, palabras_clave_detectadas, distancia_hidrografia_m, rango_distancia_hidrografia, latitud, longitud, categoria_auditada, notas_auditoria"
10879045,21132314912000041000000000U7,LONAS GALI,314912,agebs\san_martin,revisar,,487.3231427278356,250-500 m,19.27734833,-98.43350453,,,,LONAS GALI San Martin Texmelucan Puebla Google Maps,LONAS GALI San Martin Texmelucan Puebla textil mezclilla maquila lavanderia tintoreria confeccion taller,,sin evidencia suficiente; requiere revision manual,sin evidencia suficiente; requiere revision manual,revisar,manual,,lonas gali 314912 nan agebs san martin,san_martin,San Martin Texmelucan,San Martin Texmelucan,auditoria_revisar_san_martin_enriquecida.csv,487.3231427278356,"id, clee, nombre_de_la_unidad_economica, codigo_de_la_clase_actividad_scian, source_folder, categoria_relevancia_ambiental, palabras_clave_detectadas, distancia_hidrografia_m, rango_distancia_hidrografia, latitud, longitud, categoria_auditada, notas_auditoria"
4185160,29019432111000012001000000U5,TEXTILES BETEX,432111,agebs\san_martin,revisar,textiles,508.37738759930966,500-1000 m,19.28359445,-98.40060152,,,,TEXTILES BETEX San Martin Texmelucan Puebla Google Maps,TEXTILES BETEX San Martin Texmelucan Puebla textil mezclilla maquila lavanderia tintoreria confeccion taller,,sin evidencia suficiente; requiere revision manual,sin evidencia suficiente; requiere revision manual,revisar,manual,,textiles betex 432111 textiles agebs san martin,san_martin,San Martin Texmelucan,San Martin Texmelucan,auditoria_revisar_san_martin_enriquecida.csv,508.37738759930966,"id, clee, nombre_de_la_unidad_economica, codigo_de_la_clase_actividad_scian, source_folder, categoria_relevancia_ambiental, palabras_clave_detectadas, distancia_hidrografia_m, rango_distancia_hidrografia, latitud, longitud, categoria_auditada, notas_auditoria"
3324344,21132315229002941000000000U4,COSTURERO PARA TERCEROS,315229,agebs\san_martin,revisar,,517.9733463311026,500-1000 m,19.28292186,-98.41616239,,,,COSTURERO PARA TERCEROS San Martin Texmelucan Puebla Google Maps,COSTURERO PARA TERCEROS San Martin Texmelucan Puebla textil mezclilla maquila lavanderia tintoreria confeccion taller,,sin evidencia suficiente; requiere revision manual,sin evidencia suficiente; requiere revision manual,revisar,manual,,costurero para terceros 315229 nan agebs san martin,san_martin,San Martin Texmelucan,San Martin Texmelucan,auditoria_revisar_san_martin_enriquecida.csv,517.9733463311026,"id, clee, nombre_de_la_unidad_economica, codigo_de_la_clase_actividad_scian, source_folder, categoria_relevancia_ambiental, palabras_clave_detectadas, distancia_hidrografia_m, rango_distancia_hidrografia, latitud, longitud, categoria_auditada, notas_auditoria"
3273661,21132315229000221000000000U3,COSTURERO SIN NOMBRE,315229,agebs\san_martin,revisar,,527.0121935064149,500-1000 m,19.27253528,-98.40871819,,,,COSTURERO SIN NOMBRE San Martin Texmelucan Puebla Google Maps,COSTURERO SIN NOMBRE San Martin Texmelucan Puebla textil mezclilla maquila lavanderia tintoreria confeccion taller,,sin evidencia suficiente; requiere revision manual,sin evidencia suficiente; requiere revision manual,revisar,manual,,costurero sin nombre 315229 nan agebs san martin,san_martin,San Martin Texmelucan,San Martin Texmelucan,auditoria_revisar_san_martin_enriquecida.csv,527.0121935064149,"id, clee, nombre_de_la_unidad_economica, codigo_de_la_clase_actividad_scian, source_folder, categoria_relevancia_ambiental, palabras_clave_detectadas, distancia_hidrografia_m, rango_distancia_hidrografia, latitud, longitud, categoria_auditada, notas_auditoria"
10106749,21132315223000661000000000U3,COSTURERO A TERCEROS SIN NOMBRE,315225,agebs\san_martin,revisar,,545.2795771258562,500-1000 m,19.28143117,-98.41500099,,,,COSTURERO A TERCEROS SIN NOMBRE San Martin Texmelucan Puebla Google Maps,COSTURERO A TERCEROS SIN NOMBRE San Martin Texmelucan Puebla textil mezclilla maquila lavanderia tintoreria confeccion taller,,sin evidencia suficiente; requiere revision manual,sin evidencia suficiente; requiere revision manual,revisar,manual,,costurero a terceros sin nombre 315225 nan agebs san martin,san_martin,San Martin Texmelucan,San Martin Texmelucan,auditoria_revisar_san_martin_enriquecida.csv,545.2795771258562,"id, clee, nombre_de_la_unidad_economica, codigo_de_la_clase_actividad_scian, source_folder, categoria_relevancia_ambiental, palabras_clave_detectadas, distancia_hidrografia_m, rango_distancia_hidrografia, latitud, longitud, categoria_auditada, notas_auditoria"
11589651,21132315223000471000000000U7,COSTURERO SIN NOMBRE,315223,agebs\san_martin,revisar,,545.658621868372,500-1000 m,19.2803483,-98.4154286,,,,COSTURERO SIN NOMBRE San Martin Texmelucan Puebla Google Maps,COSTURERO SIN NOMBRE San Martin Texmelucan Puebla textil mezclilla maquila lavanderia tintoreria confeccion taller,,sin evidencia suficiente; requiere revision manual,sin evidencia suficiente; requiere revision manual,revisar,manual,,costurero sin nombre 315223 nan agebs san martin,san_martin,San Martin Texmelucan,San Martin Texmelucan,auditoria_revisar_san_martin_enriquecida.csv,545.658621868372,"id, clee, nombre_de_la_unidad_economica, codigo_de_la_clase_actividad_scian, source_folder, categoria_relevancia_ambiental, palabras_clave_detectadas, distancia_hidrografia_m, rango_distancia_hidrografia, latitud, longitud, categoria_auditada, notas_auditoria"
9667233,21132315225000931000000000U5,CYAN COMPANY,315225,agebs\san_martin,revisar,,584.2481742729362,500-1000 m,19.27847,-98.41801427,,,,CYAN COMPANY San Martin Texmelucan Puebla Google Maps,CYAN COMPANY San Martin Texmelucan Puebla textil mezclilla maquila lavanderia tintoreria confeccion taller,,sin evidencia suficiente; requiere revision manual,sin evidencia suficiente; requiere revision manual,revisar,manual,,cyan company 315225 nan agebs san martin,san_martin,San Martin Texmelucan,San Martin Texmelucan,auditoria_revisar_san_martin_enriquecida.csv,584.2481742729362,"id, clee, nombre_de_la_unidad_economica, codigo_de_la_clase_actividad_scian, source_folder, categoria_relevancia_ambiental, palabras_clave_detectadas, distancia_hidrografia_m, rango_distancia_hidrografia, latitud, longitud, categoria_auditada, notas_auditoria"
3322152,21132465211000651010000000U7,ARTESANIAS SIN NOMBRE,314991,agebs\san_martin,revisar,,585.1094337133537,500-1000 m,19.26349374,-98.40927277,,,,ARTESANIAS SIN NOMBRE San Martin Texmelucan Puebla Google Maps,ARTESANIAS SIN NOMBRE San Martin Texmelucan Puebla textil mezclilla maquila lavanderia tintoreria confeccion taller,,sin evidencia suficiente; requiere revision manual,sin evidencia suficiente; requiere revision manual,revisar,manual,,artesanias sin nombre 314991 nan agebs san martin,san_martin,San Martin Texmelucan,San Martin Texmelucan,auditoria_revisar_san_martin_enriquecida.csv,585.1094337133537,"id, clee, nombre_de_la_unidad_economica, codigo_de_la_clase_actividad_scian, source_folder, categoria_relevancia_ambiental, palabras_clave_detectadas, distancia_hidrografia_m, rango_distancia_hidrografia, latitud, longitud, categoria_auditada, notas_auditoria"
3324789,21132315229003293000000000U9,HERMANOS ROMERO,315229,agebs\san_martin,revisar,,588.2157384994739,500-1000 m,19.27811558,-98.44247159,,,,HERMANOS ROMERO San Martin Texmelucan Puebla Google Maps,HERMANOS ROMERO San Martin Texmelucan Puebla textil mezclilla maquila lavanderia tintoreria confeccion taller,,sin evidencia suficiente; requiere revision manual,sin evidencia suficiente; requiere revision manual,revisar,manual,,hermanos romero 315229 nan agebs san martin,san_martin,San Martin Texmelucan,San Martin Texmelucan,auditoria_revisar_san_martin_enriquecida.csv,588.2157384994739,"id, clee, nombre_de_la_unidad_economica, codigo_de_la_clase_actividad_scian, source_folder, categoria_relevancia_ambiental, palabras_clave_detectadas, distancia_hidrografia_m, rango_distancia_hidrografia, latitud, longitud, categoria_auditada, notas_auditoria"
11161213,21132315229004631000000000U9,PLAYERA BONITA THE SHISTS NICE,315229,agebs\san_martin,revisar,,618.6555335269093,500-1000 m,19.28132185,-98.44226692,,,,PLAYERA BONITA THE SHISTS NICE San Martin Texmelucan Puebla Google Maps,PLAYERA BONITA THE SHISTS NICE San Martin Texmelucan Puebla textil mezclilla maquila lavanderia tintoreria confeccion taller,,sin evidencia suficiente; requiere revision manual,sin evidencia suficiente; requiere revision manual,revisar,manual,,playera bonita the shists nice 315229 nan agebs san martin,san_martin,San Martin Texmelucan,San Martin Texmelucan,auditoria_revisar_san_martin_enriquecida.csv,618.6555335269093,"id, clee, nombre_de_la_unidad_economica, codigo_de_la_clase_actividad_scian, source_folder, categoria_relevancia_ambiental, palabras_clave_detectadas, distancia_hidrografia_m, rango_distancia_hidrografia, latitud, longitud, categoria_auditada, notas_auditoria"
9957793,29019812210000501000000000U7,SERVICIO DE PLANCHADO SIN NOMBRE,812210,agebs\san_martin,revisar,,628.9254923677207,500-1000 m,19.27964248,-98.39519043,,,,SERVICIO DE PLANCHADO SIN NOMBRE San Martin Texmelucan Puebla Google Maps,SERVICIO DE PLANCHADO SIN NOMBRE San Martin Texmelucan Puebla textil mezclilla maquila lavanderia tintoreria confeccion taller,,sin evidencia suficiente; requiere revision manual,sin evidencia suficiente; requiere revision manual,revisar,manual,,servicio de planchado sin nombre 812210 nan agebs san martin,san_martin,San Martin Texmelucan,San Martin Texmelucan,auditoria_revisar_san_martin_enriquecida.csv,628.9254923677207,"id, clee, nombre_de_la_unidad_economica, codigo_de_la_clase_actividad_scian, source_folder, categoria_relevancia_ambiental, palabras_clave_detectadas, distancia_hidrografia_m, rango_distancia_hidrografia, latitud, longitud, categoria_auditada, notas_auditoria"
10947291,21132315229004792000000000U9,DOVIQUER,315229,agebs\san_martin,revisar,,644.6986009337726,500-1000 m,19.29086845,-98.45148953,,,,DOVIQUER San Martin Texmelucan Puebla Google Maps,DOVIQUER San Martin Texmelucan Puebla textil mezclilla maquila lavanderia tintoreria confeccion taller,,sin evidencia suficiente; requiere revision manual,sin evidencia suficiente; requiere revision manual,revisar,manual,,doviquer 315229 nan agebs san martin,san_martin,San Martin Texmelucan,San Martin Texmelucan,auditoria_revisar_san_martin_enriquecida.csv,644.6986009337726,"id, clee, nombre_de_la_unidad_economica, codigo_de_la_clase_actividad_scian, source_folder, categoria_relevancia_ambiental, palabras_clave_detectadas, distancia_hidrografia_m, rango_distancia_hidrografia, latitud, longitud, categoria_auditada, notas_auditoria"
3264233,21132315229000341000000000U9,NOVIAS DE ANDYS,315229,agebs\san_martin,revisar,,644.7983270831284,500-1000 m,19.28381129,-98.43463401,,,,NOVIAS DE ANDYS San Martin Texmelucan Puebla Google Maps,NOVIAS DE ANDYS San Martin Texmelucan Puebla textil mezclilla maquila lavanderia tintoreria confeccion taller,,sin evidencia suficiente; requiere revision manual,sin evidencia suficiente; requiere revision manual,revisar,manual,,novias de andys 315229 nan agebs san martin,san_martin,San Martin Texmelucan,San Martin Texmelucan,auditoria_revisar_san_martin_enriquecida.csv,644.7983270831284,"id, clee, nombre_de_la_unidad_economica, codigo_de_la_clase_actividad_scian, source_folder, categoria_relevancia_ambiental, palabras_clave_detectadas, distancia_hidrografia_m, rango_distancia_hidrografia, latitud, longitud, categoria_auditada, notas_auditoria"
10077720,21132315223000351000000000U1,COSTURERO JOSE DOMINGUEZ RODRIGUEZ,315225,agebs\san_martin,revisar,,661.8902861507908,500-1000 m,19.28129935,-98.41506592,,,,COSTURERO JOSE DOMINGUEZ RODRIGUEZ San Martin Texmelucan Puebla Google Maps,COSTURERO JOSE DOMINGUEZ RODRIGUEZ San Martin Texmelucan Puebla textil mezclilla maquila lavanderia tintoreria confeccion taller,,sin evidencia suficiente; requiere revision manual,sin evidencia suficiente; requiere revision manual,revisar,manual,,costurero jose dominguez rodriguez 315225 nan agebs san martin,san_martin,San Martin Texmelucan,San Martin Texmelucan,auditoria_revisar_san_martin_enriquecida.csv,661.8902861507908,"id, clee, nombre_de_la_unidad_economica, codigo_de_la_clase_actividad_scian, source_folder, categoria_relevancia_ambiental, palabras_clave_detectadas, distancia_hidrografia_m, rango_distancia_hidrografia, latitud, longitud, categoria_auditada, notas_auditoria"
10095612,29019812210000511000000000U6,PLANCHADURIA SIN NOMBRE,812210,agebs\san_martin,revisar,,688.3340104306304,500-1000 m,19.27695137,-98.39071184,,,,PLANCHADURIA SIN NOMBRE San Martin Texmelucan Puebla Google Maps,PLANCHADURIA SIN NOMBRE San Martin Texmelucan Puebla textil mezclilla maquila lavanderia tintoreria confeccion taller,,sin evidencia suficiente; requiere revision manual,sin evidencia suficiente; requiere revision manual,revisar,manual,,planchaduria sin nombre 812210 nan agebs san martin,san_martin,San Martin Texmelucan,San Martin Texmelucan,auditoria_revisar_san_martin_enriquecida.csv,688.3340104306304,"id, clee, nombre_de_la_unidad_economica, codigo_de_la_clase_actividad_scian, source_folder, categoria_relevancia_ambiental, palabras_clave_detectadas, distancia_hidrografia_m, rango_distancia_hidrografia, latitud, longitud, categoria_auditada, notas_auditoria"
3321908,21132315229002911002000000U7,GRUPO FREVANY,315229,agebs\san_martin,revisar,,690.4734296714319,500-1000 m,19.29127398,-98.45226588,,,,GRUPO FREVANY San Martin Texmelucan Puebla Google Maps,GRUPO FREVANY San Martin Texmelucan Puebla textil mezclilla maquila lavanderia tintoreria confeccion taller,,sin evidencia suficiente; requiere revision manual,sin evidencia suficiente; requiere revision manual,revisar,manual,,grupo frevany 315229 nan agebs san martin,san_martin,San Martin Texmelucan,San Martin Texmelucan,auditoria_revisar_san_martin_enriquecida.csv,690.4734296714319,"id, clee, nombre_de_la_unidad_economica, codigo_de_la_clase_actividad_scian, source_folder, categoria_relevancia_ambiental, palabras_clave_detectadas, distancia_hidrografia_m, rango_distancia_hidrografia, latitud, longitud, categoria_auditada, notas_auditoria"
10017062,21132315223000581000000000U3,COSTUREROS A TERCEROS SIN NOMBRE,315229,agebs\san_martin,revisar,,696.5530754229948,500-1000 m,19.28203879,-98.41452531,,,,COSTUREROS A TERCEROS SIN NOMBRE San Martin Texmelucan Puebla Google Maps,COSTUREROS A TERCEROS SIN NOMBRE San Martin Texmelucan Puebla textil mezclilla maquila lavanderia tintoreria confeccion taller,,sin evidencia suficiente; requiere revision manual,sin evidencia suficiente; requiere revision manual,revisar,manual,,costureros a terceros sin nombre 315229 nan agebs san martin,san_martin,San Martin Texmelucan,San Martin Texmelucan,auditoria_revisar_san_martin_enriquecida.csv,696.5530754229948,"id, clee, nombre_de_la_unidad_economica, codigo_de_la_clase_actividad_scian, source_folder, categoria_relevancia_ambiental, palabras_clave_detectadas, distancia_hidrografia_m, rango_distancia_hidrografia, latitud, longitud, categoria_auditada, notas_auditoria"
4146345,29019812210000111000000000U5,PLANCHADURIA SIN NOMBRE,812210,agebs\san_martin,revisar,,699.1684338070042,500-1000 m,19.28031164,-98.39443549,,,,PLANCHADURIA SIN NOMBRE San Martin Texmelucan Puebla Google Maps,PLANCHADURIA SIN NOMBRE San Martin Texmelucan Puebla textil mezclilla maquila lavanderia tintoreria confeccion taller,,sin evidencia suficiente; requiere revision manual,sin evidencia suficiente; requiere revision manual,revisar,manual,,planchaduria sin nombre 812210 nan agebs san martin,san_martin,San Martin Texmelucan,San Martin Texmelucan,auditoria_revisar_san_martin_enriquecida.csv,699.1684338070042,"id, clee, nombre_de_la_unidad_economica, codigo_de_la_clase_actividad_scian, source_folder, categoria_relevancia_ambiental, palabras_clave_detectadas, distancia_hidrografia_m, rango_distancia_hidrografia, latitud, longitud, categoria_auditada, notas_auditoria"
9925244,29019314991000071000000000U9,DISEÑOS DE AMOR,314991,agebs\san_martin,revisar,,699.2065962223819,500-1000 m,19.2848487,-98.39822386,,,,DISEÑOS DE AMOR San Martin Texmelucan Puebla Google Maps,DISEÑOS DE AMOR San Martin Texmelucan Puebla textil mezclilla maquila lavanderia tintoreria confeccion taller,,sin evidencia suficiente; requiere revision manual,sin evidencia suficiente; requiere revision manual,revisar,manual,,disenos de amor 314991 nan agebs san martin,san_martin,San Martin Texmelucan,San Martin Texmelucan,auditoria_revisar_san_martin_enriquecida.csv,699.2065962223819,"id, clee, nombre_de_la_unidad_economica, codigo_de_la_clase_actividad_scian, source_folder, categoria_relevancia_ambiental, palabras_clave_detectadas, distancia_hidrografia_m, rango_distancia_hidrografia, latitud, longitud, categoria_auditada, notas_auditoria"
8787568,29019315229000601000000000U7,COSTUREROS SIN NOMBRE,315229,agebs\san_martin,revisar,,711.8728355839531,500-1000 m,19.27010976,-98.3846676,,,,COSTUREROS SIN NOMBRE San Martin Texmelucan Puebla Google Maps,COSTUREROS SIN NOMBRE San Martin Texmelucan Puebla textil mezclilla maquila lavanderia tintoreria confeccion taller,,sin evidencia suficiente; requiere revision manual,sin evidencia suficiente; requiere revision manual,revisar,manual,,costureros sin nombre 315229 nan agebs san martin,san_martin,San Martin Texmelucan,San Martin Texmelucan,auditoria_revisar_san_martin_enriquecida.csv,711.8728355839531,"id, clee, nombre_de_la_unidad_economica, codigo_de_la_clase_actividad_scian, source_folder, categoria_relevancia_ambiental, palabras_clave_detectadas, distancia_hidrografia_m, rango_distancia_hidrografia, latitud, longitud, categoria_auditada, notas_auditoria"
10961007,29019315229001201000000000U5,MC BROTRERS,315229,agebs\san_martin,revisar,,729.1045369611293,500-1000 m,19.29255063,-98.39886687,,,,MC BROTRERS San Martin Texmelucan Puebla Google Maps,MC BROTRERS San Martin Texmelucan Puebla textil mezclilla maquila lavanderia tintoreria confeccion taller,,sin evidencia suficiente; requiere revision manual,sin evidencia suficiente; requiere revision manual,revisar,manual,,mc brotrers 315229 nan agebs san martin,san_martin,San Martin Texmelucan,San Martin Texmelucan,auditoria_revisar_san_martin_enriquecida.csv,729.1045369611293,"id, clee, nombre_de_la_unidad_economica, codigo_de_la_clase_actividad_scian, source_folder, categoria_relevancia_ambiental, palabras_clave_detectadas, distancia_hidrografia_m, rango_distancia_hidrografia, latitud, longitud, categoria_auditada, notas_auditoria"
11233532,21132812210001401000000000U8,AMOR CUCHI,812210,agebs\san_martin,revisar,,757.1612689489868,500-1000 m,19.28770216,-98.43172872,,,,AMOR CUCHI San Martin Texmelucan Puebla Google Maps,AMOR CUCHI San Martin Texmelucan Puebla textil mezclilla maquila lavanderia tintoreria confeccion taller,,sin evidencia suficiente; requiere revision manual,sin evidencia suficiente; requiere revision manual,revisar,manual,,amor cuchi 812210 nan agebs san martin,san_martin,San Martin Texmelucan,San Martin Texmelucan,auditoria_revisar_san_martin_enriquecida.csv,757.1612689489868,"id, clee, nombre_de_la_unidad_economica, codigo_de_la_clase_actividad_scian, source_folder, categoria_relevancia_ambiental, palabras_clave_detectadas, distancia_hidrografia_m, rango_distancia_hidrografia, latitud, longitud, categoria_auditada, notas_auditoria"
10287094,21132315229004251000000000U6,IMPRESIONES AGUILAR,315229,agebs\san_martin,revisar,,769.4965481548815,500-1000 m,19.29361113,-98.46651092,,,,IMPRESIONES AGUILAR San Martin Texmelucan Puebla Google Maps,IMPRESIONES AGUILAR San Martin Texmelucan Puebla textil mezclilla maquila lavanderia tintoreria confeccion taller,,sin evidencia suficiente; requiere revision manual,sin evidencia suficiente; requiere revision manual,revisar,manual,,impresiones aguilar 315229 nan agebs san martin,san_martin,San Martin Texmelucan,San Martin Texmelucan,auditoria_revisar_san_martin_enriquecida.csv,769.4965481548815,"id, clee, nombre_de_la_unidad_economica, codigo_de_la_clase_actividad_scian, source_folder, categoria_relevancia_ambiental, palabras_clave_detectadas, distancia_hidrografia_m, rango_distancia_hidrografia, latitud, longitud, categoria_auditada, notas_auditoria"
7583600,21132315229003762011000000U3,BODEGA,315223,agebs\san_martin,revisar,,777.5220834689346,500-1000 m,19.28841024,-98.437236,,,,BODEGA San Martin Texmelucan Puebla Google Maps,BODEGA San Martin Texmelucan Puebla textil mezclilla maquila lavanderia tintoreria confeccion taller,,sin evidencia suficiente; requiere revision manual,sin evidencia suficiente; requiere revision manual,revisar,manual,,bodega 315223 nan agebs san martin,san_martin,San Martin Texmelucan,San Martin Texmelucan,auditoria_revisar_san_martin_enriquecida.csv,777.5220834689346,"id, clee, nombre_de_la_unidad_economica, codigo_de_la_clase_actividad_scian, source_folder, categoria_relevancia_ambiental, palabras_clave_detectadas, distancia_hidrografia_m, rango_distancia_hidrografia, latitud, longitud, categoria_auditada, notas_auditoria"
8125536,29019812210000291000000000U5,SERVICIO DE PLANCHADO SIN NOMBRE,812210,agebs\san_martin,revisar,,953.5495531668408,500-1000 m,19.27562368,-98.39046866,,,,SERVICIO DE PLANCHADO SIN NOMBRE San Martin Texmelucan Puebla Google Maps,SERVICIO DE PLANCHADO SIN NOMBRE San Martin Texmelucan Puebla textil mezclilla maquila lavanderia tintoreria confeccion taller,,sin evidencia suficiente; requiere revision manual,sin evidencia suficiente; requiere revision manual,revisar,manual,,servicio de planchado sin nombre 812210 nan agebs san martin,san_martin,San Martin Texmelucan,San Martin Texmelucan,auditoria_revisar_san_martin_enriquecida.csv,953.5495531668408,"id, clee, nombre_de_la_unidad_economica, codigo_de_la_clase_actividad_scian, source_folder, categoria_relevancia_ambiental, palabras_clave_detectadas, distancia_hidrografia_m, rango_distancia_hidrografia, latitud, longitud, categoria_auditada, notas_auditoria"
8076933,21132315223000241000000000U4,ROPA PARA UNIFORMES,315223,agebs\san_martin,revisar,,271.5994973404941,250-500 m,19.28457558,-98.44164905,,,,ROPA PARA UNIFORMES San Martin Texmelucan Puebla Google Maps,ROPA PARA UNIFORMES San Martin Texmelucan Puebla textil maquila confeccion taller,media: uniformes | baja_comercio: ropa,posible proceso productivo textil sin evidencia humeda/quimica,posible proceso productivo textil sin evidencia humeda/quimica,media,media,,ropa para uniformes 315223 nan agebs san martin,san_martin,San Martin Texmelucan,San Martin Texmelucan,auditoria_revisar_san_martin_enriquecida.csv,271.5994973404941,"id, clee, nombre_de_la_unidad_economica, codigo_de_la_clase_actividad_scian, source_folder, categoria_relevancia_ambiental, palabras_clave_detectadas, distancia_hidrografia_m, rango_distancia_hidrografia, latitud, longitud, categoria_auditada, notas_auditoria"
9647097,21132315229004321000000000U7,CORTE DE TELA SIN NOMBRE,315229,agebs\san_martin,revisar,,298.6523700320436,250-500 m,19.28704514,-98.45130947,,,,CORTE DE TELA SIN NOMBRE San Martin Texmelucan Puebla Google Maps,CORTE DE TELA SIN NOMBRE San Martin Texmelucan Puebla textil maquila confeccion taller,media: corte,posible proceso productivo textil sin evidencia humeda/quimica,posible proceso productivo textil sin evidencia humeda/quimica,media,media,,corte de tela sin nombre 315229 nan agebs san martin,san_martin,San Martin Texmelucan,San Martin Texmelucan,auditoria_revisar_san_martin_enriquecida.csv,298.6523700320436,"id, clee, nombre_de_la_unidad_economica, codigo_de_la_clase_actividad_scian, source_folder, categoria_relevancia_ambiental, palabras_clave_detectadas, distancia_hidrografia_m, rango_distancia_hidrografia, latitud, longitud, categoria_auditada, notas_auditoria"
3260746,21132315223000031000000000U9,UNIFORMES DEPORTIVOS OLIMPIA,315223,agebs\san_martin,revisar,,519.1349555904076,500-1000 m,19.27932552,-98.4386266,,,,UNIFORMES DEPORTIVOS OLIMPIA San Martin Texmelucan Puebla Google Maps,UNIFORMES DEPORTIVOS OLIMPIA San Martin Texmelucan Puebla textil maquila confeccion taller,media: uniformes,posible proceso productivo textil sin evidencia humeda/quimica,posible proceso productivo textil sin evidencia humeda/quimica,media,media,,uniformes deportivos olimpia 315223 nan agebs san martin,san_martin,San Martin Texmelucan,San Martin Texmelucan,auditoria_revisar_san_martin_enriquecida.csv,519.1349555904076,"id, clee, nombre_de_la_unidad_economica, codigo_de_la_clase_actividad_scian, source_folder, categoria_relevancia_ambiental, palabras_clave_detectadas, distancia_hidrografia_m, rango_distancia_hidrografia, latitud, longitud, categoria_auditada, notas_auditoria"
3323737,21132315223000051100000000U7,UNIFORMES DEPORTIVOS DATEPA,315223,agebs\san_martin,revisar,,559.0368302009772,500-1000 m,19.27883531,-98.44723656,,,,UNIFORMES DEPORTIVOS DATEPA San Martin Texmelucan Puebla Google Maps,UNIFORMES DEPORTIVOS DATEPA San Martin Texmelucan Puebla textil maquila confeccion taller,media: uniformes,posible proceso productivo textil sin evidencia humeda/quimica,posible proceso productivo textil sin evidencia humeda/quimica,media,media,,uniformes deportivos datepa 315223 nan agebs san martin,san_martin,San Martin Texmelucan,San Martin Texmelucan,auditoria_revisar_san_martin_enriquecida.csv,559.0368302009772,"id, clee, nombre_de_la_unidad_economica, codigo_de_la_clase_actividad_scian, source_folder, categoria_relevancia_ambiental, palabras_clave_detectadas, distancia_hidrografia_m, rango_distancia_hidrografia, latitud, longitud, categoria_auditada, notas_auditoria"
11477163,29019432111000071000000000U1,K-POTEX DISTRIBUIDOR TEXTIL,432111,agebs\san_martin,revisar,textil,599.2758068777526,500-1000 m,19.28246887,-98.39796648,,,,K-POTEX DISTRIBUIDOR TEXTIL San Martin Texmelucan Puebla Google Maps,K-POTEX DISTRIBUIDOR TEXTIL San Martin Texmelucan Puebla textil maquila confeccion taller,media: textil,posible proceso productivo textil sin evidencia humeda/quimica,posible proceso productivo textil sin evidencia humeda/quimica,media,media,,k potex distribuidor textil 432111 textil agebs san martin,san_martin,San Martin Texmelucan,San Martin Texmelucan,auditoria_revisar_san_martin_enriquecida.csv,599.2758068777526,"id, clee, nombre_de_la_unidad_economica, codigo_de_la_clase_actividad_scian, source_folder, categoria_relevancia_ambiental, palabras_clave_detectadas, distancia_hidrografia_m, rango_distancia_hidrografia, latitud, longitud, categoria_auditada, notas_auditoria"
7582895,21132315225000591000000000U7,COMPOSTURAS DE PRENDAS DE VESTIR,315225,agebs\san_martin,revisar,,614.1617418672181,500-1000 m,19.28425793,-98.45009233,,,,COMPOSTURAS DE PRENDAS DE VESTIR San Martin Texmelucan Puebla Google Maps,COMPOSTURAS DE PRENDAS DE VESTIR San Martin Texmelucan Puebla textil maquila confeccion taller,media: prendas,posible proceso productivo textil sin evidencia humeda/quimica,posible proceso productivo textil sin evidencia humeda/quimica,media,media,,composturas de prendas de vestir 315225 nan agebs san martin,san_martin,San Martin Texmelucan,San Martin Texmelucan,auditoria_revisar_san_martin_enriquecida.csv,614.1617418672181,"id, clee, nombre_de_la_unidad_economica, codigo_de_la_clase_actividad_scian, source_folder, categoria_relevancia_ambiental, palabras_clave_detectadas, distancia_hidrografia_m, rango_distancia_hidrografia, latitud, longitud, categoria_auditada, notas_auditoria"
3264056,21132561432001211010000000U4,DCREATEX COMERCIALIZADORA TEXTIL Y PUBLICIDAD,323119,agebs\san_martin,revisar,textil,779.7022693739237,500-1000 m,19.28727858,-98.43525728,,,,DCREATEX COMERCIALIZADORA TEXTIL Y PUBLICIDAD San Martin Texmelucan Puebla Google Maps,DCREATEX COMERCIALIZADORA TEXTIL Y PUBLICIDAD San Martin Texmelucan Puebla textil maquila confeccion taller,media: textil,posible proceso productivo textil sin evidencia humeda/quimica,posible proceso productivo textil sin evidencia humeda/quimica,media,media,,dcreatex comercializadora textil y publicidad 323119 textil agebs san martin,san_martin,San Martin Texmelucan,San Martin Texmelucan,auditoria_revisar_san_martin_enriquecida.csv,779.7022693739237,"id, clee, nombre_de_la_unidad_economica, codigo_de_la_clase_actividad_scian, source_folder, categoria_relevancia_ambiental, palabras_clave_detectadas, distancia_hidrografia_m, rango_distancia_hidrografia, latitud, longitud, categoria_auditada, notas_auditoria"
3320182,21143315991000013002000000U6,FABRICA DE GORRAS Y UNIFORMES GASI,315991,agebs\san_martin,revisar,,1075.7726533730329,>1000 m,19.30822969,-98.48284662,,,,FABRICA DE GORRAS Y UNIFORMES GASI San Martin Texmelucan Puebla Google Maps,FABRICA DE GORRAS Y UNIFORMES GASI San Martin Texmelucan Puebla textil maquila confeccion taller,media: uniformes,posible proceso productivo textil sin evidencia humeda/quimica,posible proceso productivo textil sin evidencia humeda/quimica,media,media,,fabrica de gorras y uniformes gasi 315991 nan agebs san martin,san_martin,San Martin Texmelucan,San Martin Texmelucan,auditoria_revisar_san_martin_enriquecida.csv,1075.7726533730329,"id, clee, nombre_de_la_unidad_economica, codigo_de_la_clase_actividad_scian, source_folder, categoria_relevancia_ambiental, palabras_clave_detectadas, distancia_hidrografia_m, rango_distancia_hidrografia, latitud, longitud, categoria_auditada, notas_auditoria"
8559241,21132314120000061000000000U5,LA CASA DE TOÑA REPARACION DE ROPA,314120,agebs\san_martin,revisar,,262.9171918916888,250-500 m,19.30153574,-98.45542771,,,,LA CASA DE TOÑA REPARACION DE ROPA San Martin Texmelucan Puebla Google Maps,LA CASA DE TOÑA REPARACION DE ROPA San Martin Texmelucan Puebla ropa tienda comercio,baja_comercio: ropa,parece comercio simple de prendas o telas,parece comercio simple de prendas o telas,excluir,baja,,la casa de tona reparacion de ropa 314120 nan agebs san martin,san_martin,San Martin Texmelucan,San Martin Texmelucan,auditoria_revisar_san_martin_enriquecida.csv,262.9171918916888,"id, clee, nombre_de_la_unidad_economica, codigo_de_la_clase_actividad_scian, source_folder, categoria_relevancia_ambiental, palabras_clave_detectadas, distancia_hidrografia_m, rango_distancia_hidrografia, latitud, longitud, categoria_auditada, notas_auditoria"
7583436,21132315229003713000000000U6,FABRICA DE ROPA DE NIÑO COQUETA,315229,agebs\san_martin,revisar,,285.9295551075817,250-500 m,19.29981153,-98.47259161,,,,FABRICA DE ROPA DE NIÑO COQUETA San Martin Texmelucan Puebla Google Maps,FABRICA DE ROPA DE NIÑO COQUETA San Martin Texmelucan Puebla ropa tienda comercio,baja_comercio: ropa,parece comercio simple de prendas o telas,parece comercio simple de prendas o telas,excluir,baja,,fabrica de ropa de nino coqueta 315229 nan agebs san martin,san_martin,San Martin Texmelucan,San Martin Texmelucan,auditoria_revisar_san_martin_enriquecida.csv,285.9295551075817,"id, clee, nombre_de_la_unidad_economica, codigo_de_la_clase_actividad_scian, source_folder, categoria_relevancia_ambiental, palabras_clave_detectadas, distancia_hidrografia_m, rango_distancia_hidrografia, latitud, longitud, categoria_auditada, notas_auditoria"
3320469,21132811499000691010000000U5,COSER ROPA SIN NOMBRE,315229,agebs\san_martin,revisar,,364.4278740177259,250-500 m,19.2979884,-98.47225307,,,,COSER ROPA SIN NOMBRE San Martin Texmelucan Puebla Google Maps,COSER ROPA SIN NOMBRE San Martin Texmelucan Puebla ropa tienda comercio,baja_comercio: ropa,parece comercio simple de prendas o telas,parece comercio simple de prendas o telas,excluir,baja,,coser ropa sin nombre 315229 nan agebs san martin,san_martin,San Martin Texmelucan,San Martin Texmelucan,auditoria_revisar_san_martin_enriquecida.csv,364.4278740177259,"id, clee, nombre_de_la_unidad_economica, codigo_de_la_clase_actividad_scian, source_folder, categoria_relevancia_ambiental, palabras_clave_detectadas, distancia_hidrografia_m, rango_distancia_hidrografia, latitud, longitud, categoria_auditada, notas_auditoria"
10686262,21132315229005073000000000U3,FABRICA DE ROPA DE BEBE MARY BABY,315229,agebs\san_martin,revisar,,385.9148620057708,250-500 m,19.29309033,-98.45932159,,,,FABRICA DE ROPA DE BEBE MARY BABY San Martin Texmelucan Puebla Google Maps,FABRICA DE ROPA DE BEBE MARY BABY San Martin Texmelucan Puebla ropa tienda comercio,baja_comercio: ropa,parece comercio simple de prendas o telas,parece comercio simple de prendas o telas,excluir,baja,,fabrica de ropa de bebe mary baby 315229 nan agebs san martin,san_martin,San Martin Texmelucan,San Martin Texmelucan,auditoria_revisar_san_martin_enriquecida.csv,385.9148620057708,"id, clee, nombre_de_la_unidad_economica, codigo_de_la_clase_actividad_scian, source_folder, categoria_relevancia_ambiental, palabras_clave_detectadas, distancia_hidrografia_m, rango_distancia_hidrografia, latitud, longitud, categoria_auditada, notas_auditoria"
11696705,29019313310000071000000000U3,ARMADO DE ROPA PARA DAMA SIN NOMBRE,315229,agebs\san_martin,revisar,,438.69080324413306,250-500 m,19.27192344,-98.38132896,,,,ARMADO DE ROPA PARA DAMA SIN NOMBRE San Martin Texmelucan Puebla Google Maps,ARMADO DE ROPA PARA DAMA SIN NOMBRE San Martin Texmelucan Puebla ropa tienda comercio,baja_comercio: ropa,parece comercio simple de prendas o telas,parece comercio simple de prendas o telas,excluir,baja,,armado de ropa para dama sin nombre 315229 nan agebs san martin,san_martin,San Martin Texmelucan,San Martin Texmelucan,auditoria_revisar_san_martin_enriquecida.csv,438.69080324413306,"id, clee, nombre_de_la_unidad_economica, codigo_de_la_clase_actividad_scian, source_folder, categoria_relevancia_ambiental, palabras_clave_detectadas, distancia_hidrografia_m, rango_distancia_hidrografia, latitud, longitud, categoria_auditada, notas_auditoria"
