id,clee,nombre_de_la_unidad_economica,codigo_de_la_clase_actividad_scian,latitud,longitud,source_path,source_file,source_folder,layer_type,texto_busqueda,codigo_scian_detectado,palabras_clave_detectadas,categoria_relevancia_ambiental,nota_metodologica,distancia_hidrografia_m,en_buffer_100m,en_buffer_250m,en_buffer_500m,en_buffer_1000m,rango_distancia_hidrografia,localidad,municipio,actividad_denue_original,codigo_scian_original,texto_busqueda_normalizado,etapa_productiva_sugerida,etapa_productiva_secundaria,subtipo_confeccion,presion_ambiental_potencial,confianza_clasificacion,evidencia_clasificacion,palabras_clave_etapa,reglas_activadas,tiene_senal_proceso_humedo,tiene_senal_mezclilla_jeans,tiene_senal_lavado_deslavado,tiene_senal_tenido_tintoreria,tiene_senal_acabado_tratamiento,tiene_senal_industrial,tiene_senal_maquila,es_confeccion_especializada,es_comercio_o_renta,requiere_auditoria_manual,motivo_auditoria,prioridad_auditoria,prioridad_campo,motivo_prioridad_campo,decision_estudio_sugerida,decision_alcance_proyecto,motivo_exclusion_prioritaria,flag_universo_alcance_proyecto,motivo_universo_alcance_proyecto,flag_fuera_alcance_productivo_textil,flag_estudio_prioritario,motivo_flag_estudio_prioritario,flag_proceso_humedo_relevante,flag_mezclilla_jeans,flag_lavado_deslavado,flag_tenido_tintoreria,flag_acabado_tratamiento,flag_maquila_productiva,flag_confeccion_especializada_baja_relevancia,flag_comercio_o_renta,flag_requiere_auditoria_manual,flag_prioridad_campo,flag_cercania_hidrografia_250m,flag_senal_industrial,flag_texto_ambiguo,flag_posible_falso_positivo,flag_posible_falso_negativo,query_maps,query_web,categoria_auditada,etapa_productiva_auditada,notas_auditoria,fuente_auditoria,decision_estudio,fecha_auditoria,auditor_responsable
8271825,21074812210000401000000000U3,TINTORERIA HIGIENICA,812210,19.16117536,-98.41133705,data\raw\agebs\huejotzingo\INEGI_DENUE_.shp,INEGI_DENUE_.shp,agebs\huejotzingo,denue,21074812210000401000000000u3 tintoreria higienica 812210 data\raw\agebs\huejotzingo\inegi_denue_.shp inegi_denue_.shp agebs\huejotzingo denue,812210,tintoreria,alta_relevancia_ambiental,"Priorizacion preliminar por produccion, confeccion, maquila, acabado o lavado textil; se excluye comercio de prendas y no implica evidencia de contaminacion directa.",550.7543521535267,False,False,False,True,500-1000 m,Huejotzingo,Huejotzingo,21074812210000401000000000u3 tintoreria higienica 812210 data\raw\agebs\huejotzingo\inegi_denue_.shp inegi_denue_.shp agebs\huejotzingo denue,812210,tintoreria higienica 21074812210000401000000000u3 tintoreria higienica 812210 data raw agebs huejotzingo inegi denue shp inegi denue shp agebs huejotzingo denue 812210 tintoreria,lavanderia_industrial,,,alta,alta,SCIAN 812210 | tenido_tintoreria: tintoreria,tintoreria,scian_812210; texto_tenido_tintoreria,True,False,False,True,False,False,False,False,False,False,,alta,alta,proceso humedo o tratamiento; senal compatible con proceso humedo o tratamiento de prendas,incluir_prioritario,dentro_alcance_proyecto,,True,senal de proceso humedo o tratamiento,False,True,senal compatible con proceso humedo o tratamiento de prendas; proceso humedo o tratamiento,True,False,False,True,False,False,False,False,False,True,False,False,False,False,False,TINTORERIA HIGIENICA Huejotzingo Puebla Google Maps,TINTORERIA HIGIENICA Huejotzingo Puebla lavanderia industrial textil prendas,,,,,,,
8279928,21074812210000541000000000U6,LAVANDERIA EL REHILETE,812210,19.16077465,-98.40040422,data\raw\agebs\huejotzingo\INEGI_DENUE_.shp,INEGI_DENUE_.shp,agebs\huejotzingo,denue,21074812210000541000000000u6 lavanderia el rehilete 812210 data\raw\agebs\huejotzingo\inegi_denue_.shp inegi_denue_.shp agebs\huejotzingo denue,812210,lavanderia,alta_relevancia_ambiental,"Priorizacion preliminar por produccion, confeccion, maquila, acabado o lavado textil; se excluye comercio de prendas y no implica evidencia de contaminacion directa.",658.4668822693124,False,False,False,True,500-1000 m,Huejotzingo,Huejotzingo,21074812210000541000000000u6 lavanderia el rehilete 812210 data\raw\agebs\huejotzingo\inegi_denue_.shp inegi_denue_.shp agebs\huejotzingo denue,812210,lavanderia el rehilete 21074812210000541000000000u6 lavanderia el rehilete 812210 data raw agebs huejotzingo inegi denue shp inegi denue shp agebs huejotzingo denue 812210 lavanderia,lavanderia_industrial,,,alta,media,SCIAN 812210 | lavanderia_industrial: lavanderia,lavanderia,scian_812210; texto_lavanderia_industrial,True,False,True,False,False,False,False,False,False,False,,alta,alta,proceso humedo o tratamiento; senal compatible con proceso humedo o tratamiento de prendas,incluir_prioritario,dentro_alcance_proyecto,,True,senal de proceso humedo o tratamiento; senal especifica de lavado/deslavado/lavanderia,False,True,senal compatible con proceso humedo o tratamiento de prendas; proceso humedo o tratamiento,True,False,True,False,False,False,False,False,False,True,False,False,False,False,False,LAVANDERIA EL REHILETE Huejotzingo Puebla Google Maps,LAVANDERIA EL REHILETE Huejotzingo Puebla lavanderia industrial textil prendas,,,,,,,
8592165,21074812210000571000000000U3,LAVANDERIA SUNNY CLEAN,812210,19.15472383,-98.40865163,data\raw\agebs\huejotzingo\INEGI_DENUE_.shp,INEGI_DENUE_.shp,agebs\huejotzingo,denue,21074812210000571000000000u3 lavanderia sunny clean 812210 data\raw\agebs\huejotzingo\inegi_denue_.shp inegi_denue_.shp agebs\huejotzingo denue,812210,lavanderia,alta_relevancia_ambiental,"Priorizacion preliminar por produccion, confeccion, maquila, acabado o lavado textil; se excluye comercio de prendas y no implica evidencia de contaminacion directa.",184.002792065141,False,True,True,True,100-250 m,Huejotzingo,Huejotzingo,21074812210000571000000000u3 lavanderia sunny clean 812210 data\raw\agebs\huejotzingo\inegi_denue_.shp inegi_denue_.shp agebs\huejotzingo denue,812210,lavanderia sunny clean 21074812210000571000000000u3 lavanderia sunny clean 812210 data raw agebs huejotzingo inegi denue shp inegi denue shp agebs huejotzingo denue 812210 lavanderia,lavanderia_industrial,,,alta,media,SCIAN 812210 | lavanderia_industrial: lavanderia,lavanderia,scian_812210; texto_lavanderia_industrial,True,False,True,False,False,False,False,False,False,True,,alta,muy_alta,proceso humedo o tratamiento y distancia <= 250 m a hidrografia; senal compatible con proceso humedo o tratamiento de prendas,incluir_prioritario,dentro_alcance_proyecto,,True,senal de proceso humedo o tratamiento; senal especifica de lavado/deslavado/lavanderia,False,True,senal compatible con proceso humedo o tratamiento de prendas; proceso humedo o tratamiento y distancia <= 250 m a hidrografia,True,False,True,False,False,False,False,False,True,True,True,False,False,False,False,LAVANDERIA SUNNY CLEAN Huejotzingo Puebla Google Maps,LAVANDERIA SUNNY CLEAN Huejotzingo Puebla lavanderia industrial textil prendas,,,,,,,
8803988,21074812210000561000000000U4,TINTORERIA SANTIAGO,812210,19.15485774,-98.40856363,data\raw\agebs\huejotzingo\INEGI_DENUE_.shp,INEGI_DENUE_.shp,agebs\huejotzingo,denue,21074812210000561000000000u4 tintoreria santiago 812210 data\raw\agebs\huejotzingo\inegi_denue_.shp inegi_denue_.shp agebs\huejotzingo denue,812210,tintoreria,alta_relevancia_ambiental,"Priorizacion preliminar por produccion, confeccion, maquila, acabado o lavado textil; se excluye comercio de prendas y no implica evidencia de contaminacion directa.",153.3478692122728,False,True,True,True,100-250 m,Huejotzingo,Huejotzingo,21074812210000561000000000u4 tintoreria santiago 812210 data\raw\agebs\huejotzingo\inegi_denue_.shp inegi_denue_.shp agebs\huejotzingo denue,812210,tintoreria santiago 21074812210000561000000000u4 tintoreria santiago 812210 data raw agebs huejotzingo inegi denue shp inegi denue shp agebs huejotzingo denue 812210 tintoreria,lavanderia_industrial,,,alta,alta,SCIAN 812210 | tenido_tintoreria: tintoreria,tintoreria,scian_812210; texto_tenido_tintoreria,True,False,False,True,False,False,False,False,False,True,,alta,muy_alta,proceso humedo o tratamiento y distancia <= 250 m a hidrografia; senal compatible con proceso humedo o tratamiento de prendas,incluir_prioritario,dentro_alcance_proyecto,,True,senal de proceso humedo o tratamiento,False,True,senal compatible con proceso humedo o tratamiento de prendas; proceso humedo o tratamiento y distancia <= 250 m a hidrografia,True,False,False,True,False,False,False,False,True,True,True,False,False,False,False,TINTORERIA SANTIAGO Huejotzingo Puebla Google Maps,TINTORERIA SANTIAGO Huejotzingo Puebla lavanderia industrial textil prendas,,,,,,,
9624559,21074812210000681000000000U0,LAVANDERIA SERGIO,812210,19.17696831,-98.39106949,data\raw\agebs\huejotzingo\INEGI_DENUE_.shp,INEGI_DENUE_.shp,agebs\huejotzingo,denue,21074812210000681000000000u0 lavanderia sergio 812210 data\raw\agebs\huejotzingo\inegi_denue_.shp inegi_denue_.shp agebs\huejotzingo denue,812210,lavanderia,alta_relevancia_ambiental,"Priorizacion preliminar por produccion, confeccion, maquila, acabado o lavado textil; se excluye comercio de prendas y no implica evidencia de contaminacion directa.",7.814713566941766,True,True,True,True,0-100 m,Huejotzingo,Huejotzingo,21074812210000681000000000u0 lavanderia sergio 812210 data\raw\agebs\huejotzingo\inegi_denue_.shp inegi_denue_.shp agebs\huejotzingo denue,812210,lavanderia sergio 21074812210000681000000000u0 lavanderia sergio 812210 data raw agebs huejotzingo inegi denue shp inegi denue shp agebs huejotzingo denue 812210 lavanderia,lavanderia_industrial,,,alta,media,SCIAN 812210 | lavanderia_industrial: lavanderia,lavanderia,scian_812210; texto_lavanderia_industrial,True,False,True,False,False,False,False,False,False,True,,alta,muy_alta,proceso humedo o tratamiento y distancia <= 250 m a hidrografia; senal compatible con proceso humedo o tratamiento de prendas,incluir_prioritario,dentro_alcance_proyecto,,True,senal de proceso humedo o tratamiento; senal especifica de lavado/deslavado/lavanderia,False,True,senal compatible con proceso humedo o tratamiento de prendas; proceso humedo o tratamiento y distancia <= 250 m a hidrografia,True,False,True,False,False,False,False,False,True,True,True,False,False,False,False,LAVANDERIA SERGIO Huejotzingo Puebla Google Maps,LAVANDERIA SERGIO Huejotzingo Puebla lavanderia industrial textil prendas,,,,,,,
10070109,21074812210000981000000000U4,LAVANDERIA JUQUILITA,812210,19.16464599,-98.41176424,data\raw\agebs\huejotzingo\INEGI_DENUE_.shp,INEGI_DENUE_.shp,agebs\huejotzingo,denue,21074812210000981000000000u4 lavanderia juquilita 812210 data\raw\agebs\huejotzingo\inegi_denue_.shp inegi_denue_.shp agebs\huejotzingo denue,812210,lavanderia,alta_relevancia_ambiental,"Priorizacion preliminar por produccion, confeccion, maquila, acabado o lavado textil; se excluye comercio de prendas y no implica evidencia de contaminacion directa.",46.680596086480165,True,True,True,True,0-100 m,Huejotzingo,Huejotzingo,21074812210000981000000000u4 lavanderia juquilita 812210 data\raw\agebs\huejotzingo\inegi_denue_.shp inegi_denue_.shp agebs\huejotzingo denue,812210,lavanderia juquilita 21074812210000981000000000u4 lavanderia juquilita 812210 data raw agebs huejotzingo inegi denue shp inegi denue shp agebs huejotzingo denue 812210 lavanderia,lavanderia_industrial,,,alta,media,SCIAN 812210 | lavanderia_industrial: lavanderia,lavanderia,scian_812210; texto_lavanderia_industrial,True,False,True,False,False,False,False,False,False,True,,alta,muy_alta,proceso humedo o tratamiento y distancia <= 250 m a hidrografia; senal compatible con proceso humedo o tratamiento de prendas,incluir_prioritario,dentro_alcance_proyecto,,True,senal de proceso humedo o tratamiento; senal especifica de lavado/deslavado/lavanderia,False,True,senal compatible con proceso humedo o tratamiento de prendas; proceso humedo o tratamiento y distancia <= 250 m a hidrografia,True,False,True,False,False,False,False,False,True,True,True,False,False,False,False,LAVANDERIA JUQUILITA Huejotzingo Puebla Google Maps,LAVANDERIA JUQUILITA Huejotzingo Puebla lavanderia industrial textil prendas,,,,,,,
10118182,21074812210000811000000000U3,CLEAN CLOTHES,812210,19.14838929,-98.40590617,data\raw\agebs\huejotzingo\INEGI_DENUE_.shp,INEGI_DENUE_.shp,agebs\huejotzingo,denue,21074812210000811000000000u3 clean clothes 812210 data\raw\agebs\huejotzingo\inegi_denue_.shp inegi_denue_.shp agebs\huejotzingo denue,812210,,revisar,"Priorizacion preliminar por produccion, confeccion, maquila, acabado o lavado textil; se excluye comercio de prendas y no implica evidencia de contaminacion directa.",604.9447386743516,False,False,False,True,500-1000 m,Huejotzingo,Huejotzingo,21074812210000811000000000u3 clean clothes 812210 data\raw\agebs\huejotzingo\inegi_denue_.shp inegi_denue_.shp agebs\huejotzingo denue,812210,clean clothes 21074812210000811000000000u3 clean clothes 812210 data raw agebs huejotzingo inegi denue shp inegi denue shp agebs huejotzingo denue 812210,lavanderia_industrial,,,alta,media,SCIAN 812210 | lavanderia_industrial: clean clothes,clean clothes,scian_812210; texto_lavanderia_industrial,True,False,True,False,False,False,False,False,False,False,,alta,alta,proceso humedo o tratamiento; senal compatible con proceso humedo o tratamiento de prendas,incluir_prioritario,dentro_alcance_proyecto,,True,senal de proceso humedo o tratamiento; senal especifica de lavado/deslavado/lavanderia,False,True,senal compatible con proceso humedo o tratamiento de prendas; proceso humedo o tratamiento,True,False,True,False,False,False,False,False,False,True,False,False,False,False,False,CLEAN CLOTHES Huejotzingo Puebla Google Maps,CLEAN CLOTHES Huejotzingo Puebla lavanderia industrial textil prendas,,,,,,,
10279073,21074812210000841000000000U0,LAVANDERIA SIN NOMBRE,812210,19.17748238,-98.39006779,data\raw\agebs\huejotzingo\INEGI_DENUE_.shp,INEGI_DENUE_.shp,agebs\huejotzingo,denue,21074812210000841000000000u0 lavanderia sin nombre 812210 data\raw\agebs\huejotzingo\inegi_denue_.shp inegi_denue_.shp agebs\huejotzingo denue,812210,lavanderia,alta_relevancia_ambiental,"Priorizacion preliminar por produccion, confeccion, maquila, acabado o lavado textil; se excluye comercio de prendas y no implica evidencia de contaminacion directa.",341.4405841073572,False,False,True,True,250-500 m,Huejotzingo,Huejotzingo,21074812210000841000000000u0 lavanderia sin nombre 812210 data\raw\agebs\huejotzingo\inegi_denue_.shp inegi_denue_.shp agebs\huejotzingo denue,812210,lavanderia sin nombre 21074812210000841000000000u0 lavanderia sin nombre 812210 data raw agebs huejotzingo inegi denue shp inegi denue shp agebs huejotzingo denue 812210 lavanderia,lavanderia_industrial,,,alta,media,SCIAN 812210 | lavanderia_industrial: lavanderia,lavanderia,scian_812210; texto_lavanderia_industrial,True,False,True,False,False,False,False,False,False,False,,alta,alta,proceso humedo o tratamiento; senal compatible con proceso humedo o tratamiento de prendas,incluir_prioritario,dentro_alcance_proyecto,,True,senal de proceso humedo o tratamiento; senal especifica de lavado/deslavado/lavanderia,False,True,senal compatible con proceso humedo o tratamiento de prendas; proceso humedo o tratamiento,True,False,True,False,False,False,False,False,False,True,False,False,False,False,False,LAVANDERIA SIN NOMBRE Huejotzingo Puebla Google Maps,LAVANDERIA SIN NOMBRE Huejotzingo Puebla lavanderia industrial textil prendas,,,,,,,
10340864,21074812210000731000000000U3,TINTOWASH,812210,19.16123838,-98.40864821,data\raw\agebs\huejotzingo\INEGI_DENUE_.shp,INEGI_DENUE_.shp,agebs\huejotzingo,denue,21074812210000731000000000u3 tintowash 812210 data\raw\agebs\huejotzingo\inegi_denue_.shp inegi_denue_.shp agebs\huejotzingo denue,812210,,revisar,"Priorizacion preliminar por produccion, confeccion, maquila, acabado o lavado textil; se excluye comercio de prendas y no implica evidencia de contaminacion directa.",1184.0365846332002,False,False,False,False,>1000 m,Huejotzingo,Huejotzingo,21074812210000731000000000u3 tintowash 812210 data\raw\agebs\huejotzingo\inegi_denue_.shp inegi_denue_.shp agebs\huejotzingo denue,812210,tintowash 21074812210000731000000000u3 tintowash 812210 data raw agebs huejotzingo inegi denue shp inegi denue shp agebs huejotzingo denue 812210,lavanderia_industrial,,,alta,media,SCIAN 812210,,scian_812210,True,False,False,False,False,False,False,False,False,False,,alta,alta,proceso humedo o tratamiento; senal compatible con proceso humedo o tratamiento de prendas,incluir_prioritario,dentro_alcance_proyecto,,True,senal de proceso humedo o tratamiento,False,True,senal compatible con proceso humedo o tratamiento de prendas; proceso humedo o tratamiento,True,False,False,False,False,False,False,False,False,True,False,False,False,False,False,TINTOWASH Huejotzingo Puebla Google Maps,TINTOWASH Huejotzingo Puebla lavanderia industrial textil prendas,,,,,,,
10501043,21074812210000801000000000U4,LAVANDERIA RAPIDI WUASH,812210,19.14960063,-98.40921251,data\raw\agebs\huejotzingo\INEGI_DENUE_.shp,INEGI_DENUE_.shp,agebs\huejotzingo,denue,21074812210000801000000000u4 lavanderia rapidi wuash 812210 data\raw\agebs\huejotzingo\inegi_denue_.shp inegi_denue_.shp agebs\huejotzingo denue,812210,lavanderia,alta_relevancia_ambiental,"Priorizacion preliminar por produccion, confeccion, maquila, acabado o lavado textil; se excluye comercio de prendas y no implica evidencia de contaminacion directa.",532.6146971833612,False,False,False,True,500-1000 m,Huejotzingo,Huejotzingo,21074812210000801000000000u4 lavanderia rapidi wuash 812210 data\raw\agebs\huejotzingo\inegi_denue_.shp inegi_denue_.shp agebs\huejotzingo denue,812210,lavanderia rapidi wuash 21074812210000801000000000u4 lavanderia rapidi wuash 812210 data raw agebs huejotzingo inegi denue shp inegi denue shp agebs huejotzingo denue 812210 lavanderia,lavanderia_industrial,,,alta,media,SCIAN 812210 | lavanderia_industrial: lavanderia,lavanderia,scian_812210; texto_lavanderia_industrial,True,False,True,False,False,False,False,False,False,False,,alta,alta,proceso humedo o tratamiento; senal compatible con proceso humedo o tratamiento de prendas,incluir_prioritario,dentro_alcance_proyecto,,True,senal de proceso humedo o tratamiento; senal especifica de lavado/deslavado/lavanderia,False,True,senal compatible con proceso humedo o tratamiento de prendas; proceso humedo o tratamiento,True,False,True,False,False,False,False,False,False,True,False,False,False,False,False,LAVANDERIA RAPIDI WUASH Huejotzingo Puebla Google Maps,LAVANDERIA RAPIDI WUASH Huejotzingo Puebla lavanderia industrial textil prendas,,,,,,,
10799209,21074811410000291000000000U5,REPARADORA DE LAVADORAS,811410,19.13788635,-98.41426237,data\raw\agebs\huejotzingo\INEGI_DENUE_.shp,INEGI_DENUE_.shp,agebs\huejotzingo,denue,21074811410000291000000000u5 reparadora de lavadoras 811410 data\raw\agebs\huejotzingo\inegi_denue_.shp inegi_denue_.shp agebs\huejotzingo denue,811410,lavado,alta_relevancia_ambiental,"Priorizacion preliminar por produccion, confeccion, maquila, acabado o lavado textil; se excluye comercio de prendas y no implica evidencia de contaminacion directa.",264.46759328593674,False,False,True,True,250-500 m,Huejotzingo,Huejotzingo,21074811410000291000000000u5 reparadora de lavadoras 811410 data\raw\agebs\huejotzingo\inegi_denue_.shp inegi_denue_.shp agebs\huejotzingo denue,811410,reparadora de lavadoras 21074811410000291000000000u5 reparadora de lavadoras 811410 data raw agebs huejotzingo inegi denue shp inegi denue shp agebs huejotzingo denue 811410 lavado,lavado_deslavado,,,alta,alta,lavado_deslavado: lavado,lavado,texto_lavado_deslavado,True,False,True,False,False,False,False,False,False,False,,alta,alta,proceso humedo o tratamiento; senal compatible con proceso humedo o tratamiento de prendas,incluir_prioritario,dentro_alcance_proyecto,,True,senal de proceso humedo o tratamiento; senal especifica de lavado/deslavado/lavanderia,False,True,senal compatible con proceso humedo o tratamiento de prendas; proceso humedo o tratamiento,True,False,True,False,False,False,False,False,False,True,False,False,False,False,False,REPARADORA DE LAVADORAS Huejotzingo Puebla Google Maps,REPARADORA DE LAVADORAS Huejotzingo Puebla lavado deslavado mezclilla jeans,,,,,,,
10866423,21074812210000943000000000U4,LAVANDERIA SAN JOSE,812210,19.17149897,-98.40465013,data\raw\agebs\huejotzingo\INEGI_DENUE_.shp,INEGI_DENUE_.shp,agebs\huejotzingo,denue,21074812210000943000000000u4 lavanderia san jose 812210 data\raw\agebs\huejotzingo\inegi_denue_.shp inegi_denue_.shp agebs\huejotzingo denue,812210,lavanderia,alta_relevancia_ambiental,"Priorizacion preliminar por produccion, confeccion, maquila, acabado o lavado textil; se excluye comercio de prendas y no implica evidencia de contaminacion directa.",375.32439055978523,False,False,True,True,250-500 m,Huejotzingo,Huejotzingo,21074812210000943000000000u4 lavanderia san jose 812210 data\raw\agebs\huejotzingo\inegi_denue_.shp inegi_denue_.shp agebs\huejotzingo denue,812210,lavanderia san jose 21074812210000943000000000u4 lavanderia san jose 812210 data raw agebs huejotzingo inegi denue shp inegi denue shp agebs huejotzingo denue 812210 lavanderia,lavanderia_industrial,,,alta,media,SCIAN 812210 | lavanderia_industrial: lavanderia,lavanderia,scian_812210; texto_lavanderia_industrial,True,False,True,False,False,False,False,False,False,False,,alta,alta,proceso humedo o tratamiento; senal compatible con proceso humedo o tratamiento de prendas,incluir_prioritario,dentro_alcance_proyecto,,True,senal de proceso humedo o tratamiento; senal especifica de lavado/deslavado/lavanderia,False,True,senal compatible con proceso humedo o tratamiento de prendas; proceso humedo o tratamiento,True,False,True,False,False,False,False,False,False,True,False,False,False,False,False,LAVANDERIA SAN JOSE Huejotzingo Puebla Google Maps,LAVANDERIA SAN JOSE Huejotzingo Puebla lavanderia industrial textil prendas,,,,,,,
10941241,21074812210000781000000000U8,LAVANDERIA BURBUJAS,812210,19.17848924,-98.38776675,data\raw\agebs\huejotzingo\INEGI_DENUE_.shp,INEGI_DENUE_.shp,agebs\huejotzingo,denue,21074812210000781000000000u8 lavanderia burbujas 812210 data\raw\agebs\huejotzingo\inegi_denue_.shp inegi_denue_.shp agebs\huejotzingo denue,812210,lavanderia,alta_relevancia_ambiental,"Priorizacion preliminar por produccion, confeccion, maquila, acabado o lavado textil; se excluye comercio de prendas y no implica evidencia de contaminacion directa.",187.2076449665989,False,True,True,True,100-250 m,Huejotzingo,Huejotzingo,21074812210000781000000000u8 lavanderia burbujas 812210 data\raw\agebs\huejotzingo\inegi_denue_.shp inegi_denue_.shp agebs\huejotzingo denue,812210,lavanderia burbujas 21074812210000781000000000u8 lavanderia burbujas 812210 data raw agebs huejotzingo inegi denue shp inegi denue shp agebs huejotzingo denue 812210 lavanderia,lavanderia_industrial,,,alta,media,SCIAN 812210 | lavanderia_industrial: lavanderia,lavanderia,scian_812210; texto_lavanderia_industrial,True,False,True,False,False,False,False,False,False,True,,alta,muy_alta,proceso humedo o tratamiento y distancia <= 250 m a hidrografia; senal compatible con proceso humedo o tratamiento de prendas,incluir_prioritario,dentro_alcance_proyecto,,True,senal de proceso humedo o tratamiento; senal especifica de lavado/deslavado/lavanderia,False,True,senal compatible con proceso humedo o tratamiento de prendas; proceso humedo o tratamiento y distancia <= 250 m a hidrografia,True,False,True,False,False,False,False,False,True,True,True,False,False,False,False,LAVANDERIA BURBUJAS Huejotzingo Puebla Google Maps,LAVANDERIA BURBUJAS Huejotzingo Puebla lavanderia industrial textil prendas,,,,,,,
11085776,21074812210000721000000000U4,LAUNDRY BOUTIQUE,812210,19.17378594,-98.3833149,data\raw\agebs\huejotzingo\INEGI_DENUE_.shp,INEGI_DENUE_.shp,agebs\huejotzingo,denue,21074812210000721000000000u4 laundry boutique 812210 data\raw\agebs\huejotzingo\inegi_denue_.shp inegi_denue_.shp agebs\huejotzingo denue,812210,laundry,alta_relevancia_ambiental,"Priorizacion preliminar por produccion, confeccion, maquila, acabado o lavado textil; se excluye comercio de prendas y no implica evidencia de contaminacion directa.",28.10074300245525,True,True,True,True,0-100 m,Huejotzingo,Huejotzingo,21074812210000721000000000u4 laundry boutique 812210 data\raw\agebs\huejotzingo\inegi_denue_.shp inegi_denue_.shp agebs\huejotzingo denue,812210,laundry boutique 21074812210000721000000000u4 laundry boutique 812210 data raw agebs huejotzingo inegi denue shp inegi denue shp agebs huejotzingo denue 812210 laundry,lavanderia_industrial,,,alta,media,SCIAN 812210 | lavanderia_industrial: laundry | comercio: boutique,boutique; laundry,scian_812210; texto_comercio; texto_lavanderia_industrial,True,False,True,False,False,False,False,False,True,True,senal comercial mezclada con senal productiva,alta,muy_alta,proceso humedo o tratamiento y distancia <= 250 m a hidrografia; senal compatible con proceso humedo o tratamiento de prendas,incluir_prioritario,dentro_alcance_proyecto,,True,senal de proceso humedo o tratamiento; senal especifica de lavado/deslavado/lavanderia,False,True,senal compatible con proceso humedo o tratamiento de prendas; proceso humedo o tratamiento y distancia <= 250 m a hidrografia,True,False,True,False,False,False,False,True,True,True,True,False,False,False,True,LAUNDRY BOUTIQUE Huejotzingo Puebla Google Maps,LAUNDRY BOUTIQUE Huejotzingo Puebla lavanderia industrial textil prendas,,,,,,,
11255589,21074812210000961000000000U6,LAVANDERIA NATALI,812210,19.14298651,-98.41374356,data\raw\agebs\huejotzingo\INEGI_DENUE_.shp,INEGI_DENUE_.shp,agebs\huejotzingo,denue,21074812210000961000000000u6 lavanderia natali 812210 data\raw\agebs\huejotzingo\inegi_denue_.shp inegi_denue_.shp agebs\huejotzingo denue,812210,lavanderia,alta_relevancia_ambiental,"Priorizacion preliminar por produccion, confeccion, maquila, acabado o lavado textil; se excluye comercio de prendas y no implica evidencia de contaminacion directa.",537.5603044903331,False,False,False,True,500-1000 m,Huejotzingo,Huejotzingo,21074812210000961000000000u6 lavanderia natali 812210 data\raw\agebs\huejotzingo\inegi_denue_.shp inegi_denue_.shp agebs\huejotzingo denue,812210,lavanderia natali 21074812210000961000000000u6 lavanderia natali 812210 data raw agebs huejotzingo inegi denue shp inegi denue shp agebs huejotzingo denue 812210 lavanderia,lavanderia_industrial,,,alta,media,SCIAN 812210 | lavanderia_industrial: lavanderia,lavanderia,scian_812210; texto_lavanderia_industrial,True,False,True,False,False,False,False,False,False,False,,alta,alta,proceso humedo o tratamiento; senal compatible con proceso humedo o tratamiento de prendas,incluir_prioritario,dentro_alcance_proyecto,,True,senal de proceso humedo o tratamiento; senal especifica de lavado/deslavado/lavanderia,False,True,senal compatible con proceso humedo o tratamiento de prendas; proceso humedo o tratamiento,True,False,True,False,False,False,False,False,False,True,False,False,False,False,False,LAVANDERIA NATALI Huejotzingo Puebla Google Maps,LAVANDERIA NATALI Huejotzingo Puebla lavanderia industrial textil prendas,,,,,,,
11446479,21074812210000791000000000U7,LAVANDERIA FAST & CLEAN,812210,19.16140369,-98.4095095,data\raw\agebs\huejotzingo\INEGI_DENUE_.shp,INEGI_DENUE_.shp,agebs\huejotzingo,denue,21074812210000791000000000u7 lavanderia fast & clean 812210 data\raw\agebs\huejotzingo\inegi_denue_.shp inegi_denue_.shp agebs\huejotzingo denue,812210,lavanderia,alta_relevancia_ambiental,"Priorizacion preliminar por produccion, confeccion, maquila, acabado o lavado textil; se excluye comercio de prendas y no implica evidencia de contaminacion directa.",727.8985332344357,False,False,False,True,500-1000 m,Huejotzingo,Huejotzingo,21074812210000791000000000u7 lavanderia fast & clean 812210 data\raw\agebs\huejotzingo\inegi_denue_.shp inegi_denue_.shp agebs\huejotzingo denue,812210,lavanderia fast clean 21074812210000791000000000u7 lavanderia fast clean 812210 data raw agebs huejotzingo inegi denue shp inegi denue shp agebs huejotzingo denue 812210 lavanderia,lavanderia_industrial,,,alta,media,SCIAN 812210 | lavanderia_industrial: lavanderia,lavanderia,scian_812210; texto_lavanderia_industrial,True,False,True,False,False,False,False,False,False,False,,alta,alta,proceso humedo o tratamiento; senal compatible con proceso humedo o tratamiento de prendas,incluir_prioritario,dentro_alcance_proyecto,,True,senal de proceso humedo o tratamiento; senal especifica de lavado/deslavado/lavanderia,False,True,senal compatible con proceso humedo o tratamiento de prendas; proceso humedo o tratamiento,True,False,True,False,False,False,False,False,False,True,False,False,False,False,False,LAVANDERIA FAST & CLEAN Huejotzingo Puebla Google Maps,LAVANDERIA FAST & CLEAN Huejotzingo Puebla lavanderia industrial textil prendas,,,,,,,
3325844,21074812210000321000000000U3,LAVANDERIA SUNY CLEAN,812210,19.16115304,-98.40450336,data\raw\agebs\huejotzingo\INEGI_DENUE_.shp,INEGI_DENUE_.shp,agebs\huejotzingo,denue,21074812210000321000000000u3 lavanderia suny clean 812210 data\raw\agebs\huejotzingo\inegi_denue_.shp inegi_denue_.shp agebs\huejotzingo denue,812210,lavanderia,alta_relevancia_ambiental,"Priorizacion preliminar por produccion, confeccion, maquila, acabado o lavado textil; se excluye comercio de prendas y no implica evidencia de contaminacion directa.",156.14334659337044,False,True,True,True,100-250 m,Huejotzingo,Huejotzingo,21074812210000321000000000u3 lavanderia suny clean 812210 data\raw\agebs\huejotzingo\inegi_denue_.shp inegi_denue_.shp agebs\huejotzingo denue,812210,lavanderia suny clean 21074812210000321000000000u3 lavanderia suny clean 812210 data raw agebs huejotzingo inegi denue shp inegi denue shp agebs huejotzingo denue 812210 lavanderia,lavanderia_industrial,,,alta,media,SCIAN 812210 | lavanderia_industrial: lavanderia,lavanderia,scian_812210; texto_lavanderia_industrial,True,False,True,False,False,False,False,False,False,True,,alta,muy_alta,proceso humedo o tratamiento y distancia <= 250 m a hidrografia; senal compatible con proceso humedo o tratamiento de prendas,incluir_prioritario,dentro_alcance_proyecto,,True,senal de proceso humedo o tratamiento; senal especifica de lavado/deslavado/lavanderia,False,True,senal compatible con proceso humedo o tratamiento de prendas; proceso humedo o tratamiento y distancia <= 250 m a hidrografia,True,False,True,False,False,False,False,False,True,True,True,False,False,False,False,LAVANDERIA SUNY CLEAN Huejotzingo Puebla Google Maps,LAVANDERIA SUNY CLEAN Huejotzingo Puebla lavanderia industrial textil prendas,,,,,,,
3326451,21074812210000281000000000U9,LAVANDERIA SAN MIGUEL,812210,19.15846229,-98.41079496,data\raw\agebs\huejotzingo\INEGI_DENUE_.shp,INEGI_DENUE_.shp,agebs\huejotzingo,denue,21074812210000281000000000u9 lavanderia san miguel 812210 data\raw\agebs\huejotzingo\inegi_denue_.shp inegi_denue_.shp agebs\huejotzingo denue,812210,lavanderia,alta_relevancia_ambiental,"Priorizacion preliminar por produccion, confeccion, maquila, acabado o lavado textil; se excluye comercio de prendas y no implica evidencia de contaminacion directa.",10.842593542600799,True,True,True,True,0-100 m,Huejotzingo,Huejotzingo,21074812210000281000000000u9 lavanderia san miguel 812210 data\raw\agebs\huejotzingo\inegi_denue_.shp inegi_denue_.shp agebs\huejotzingo denue,812210,lavanderia san miguel 21074812210000281000000000u9 lavanderia san miguel 812210 data raw agebs huejotzingo inegi denue shp inegi denue shp agebs huejotzingo denue 812210 lavanderia,lavanderia_industrial,,,alta,media,SCIAN 812210 | lavanderia_industrial: lavanderia,lavanderia,scian_812210; texto_lavanderia_industrial,True,False,True,False,False,False,False,False,False,True,,alta,muy_alta,proceso humedo o tratamiento y distancia <= 250 m a hidrografia; senal compatible con proceso humedo o tratamiento de prendas,incluir_prioritario,dentro_alcance_proyecto,,True,senal de proceso humedo o tratamiento; senal especifica de lavado/deslavado/lavanderia,False,True,senal compatible con proceso humedo o tratamiento de prendas; proceso humedo o tratamiento y distancia <= 250 m a hidrografia,True,False,True,False,False,False,False,False,True,True,True,False,False,False,False,LAVANDERIA SAN MIGUEL Huejotzingo Puebla Google Maps,LAVANDERIA SAN MIGUEL Huejotzingo Puebla lavanderia industrial textil prendas,,,,,,,
3419521,21074461110000221010000000U1,LAVANDERIA EL CHINO,812210,19.1569117,-98.40311639,data\raw\agebs\huejotzingo\INEGI_DENUE_.shp,INEGI_DENUE_.shp,agebs\huejotzingo,denue,21074461110000221010000000u1 lavanderia el chino 812210 data\raw\agebs\huejotzingo\inegi_denue_.shp inegi_denue_.shp agebs\huejotzingo denue,812210,lavanderia,alta_relevancia_ambiental,"Priorizacion preliminar por produccion, confeccion, maquila, acabado o lavado textil; se excluye comercio de prendas y no implica evidencia de contaminacion directa.",534.0963031912969,False,False,False,True,500-1000 m,Huejotzingo,Huejotzingo,21074461110000221010000000u1 lavanderia el chino 812210 data\raw\agebs\huejotzingo\inegi_denue_.shp inegi_denue_.shp agebs\huejotzingo denue,812210,lavanderia el chino 21074461110000221010000000u1 lavanderia el chino 812210 data raw agebs huejotzingo inegi denue shp inegi denue shp agebs huejotzingo denue 812210 lavanderia,lavanderia_industrial,,,alta,media,SCIAN 812210 | lavanderia_industrial: lavanderia,lavanderia,scian_812210; texto_lavanderia_industrial,True,False,True,False,False,False,False,False,False,False,,alta,alta,proceso humedo o tratamiento; senal compatible con proceso humedo o tratamiento de prendas,incluir_prioritario,dentro_alcance_proyecto,,True,senal de proceso humedo o tratamiento; senal especifica de lavado/deslavado/lavanderia,False,True,senal compatible con proceso humedo o tratamiento de prendas; proceso humedo o tratamiento,True,False,True,False,False,False,False,False,False,True,False,False,False,False,False,LAVANDERIA EL CHINO Huejotzingo Puebla Google Maps,LAVANDERIA EL CHINO Huejotzingo Puebla lavanderia industrial textil prendas,,,,,,,
3419622,21074812210000061000000000U5,TINTORERIA LUCY,812210,19.15379417,-98.40422707,data\raw\agebs\huejotzingo\INEGI_DENUE_.shp,INEGI_DENUE_.shp,agebs\huejotzingo,denue,21074812210000061000000000u5 tintoreria lucy 812210 data\raw\agebs\huejotzingo\inegi_denue_.shp inegi_denue_.shp agebs\huejotzingo denue,812210,tintoreria,alta_relevancia_ambiental,"Priorizacion preliminar por produccion, confeccion, maquila, acabado o lavado textil; se excluye comercio de prendas y no implica evidencia de contaminacion directa.",844.1926638683314,False,False,False,True,500-1000 m,Huejotzingo,Huejotzingo,21074812210000061000000000u5 tintoreria lucy 812210 data\raw\agebs\huejotzingo\inegi_denue_.shp inegi_denue_.shp agebs\huejotzingo denue,812210,tintoreria lucy 21074812210000061000000000u5 tintoreria lucy 812210 data raw agebs huejotzingo inegi denue shp inegi denue shp agebs huejotzingo denue 812210 tintoreria,lavanderia_industrial,,,alta,alta,SCIAN 812210 | tenido_tintoreria: tintoreria,tintoreria,scian_812210; texto_tenido_tintoreria,True,False,False,True,False,False,False,False,False,False,,alta,alta,proceso humedo o tratamiento; senal compatible con proceso humedo o tratamiento de prendas,incluir_prioritario,dentro_alcance_proyecto,,True,senal de proceso humedo o tratamiento,False,True,senal compatible con proceso humedo o tratamiento de prendas; proceso humedo o tratamiento,True,False,False,True,False,False,False,False,False,True,False,False,False,False,False,TINTORERIA LUCY Huejotzingo Puebla Google Maps,TINTORERIA LUCY Huejotzingo Puebla lavanderia industrial textil prendas,,,,,,,
6272576,21074313310000034103000000U4,LAVADOS NACIONALES,313310,19.17826146,-98.40035305,data\raw\agebs\huejotzingo\INEGI_DENUE_.shp,INEGI_DENUE_.shp,agebs\huejotzingo,denue,21074313310000034103000000u4 lavados nacionales 313310 data\raw\agebs\huejotzingo\inegi_denue_.shp inegi_denue_.shp agebs\huejotzingo denue,313310,lavado,alta_relevancia_ambiental,"Priorizacion preliminar por produccion, confeccion, maquila, acabado o lavado textil; se excluye comercio de prendas y no implica evidencia de contaminacion directa.",82.96727557610313,True,True,True,True,0-100 m,Huejotzingo,Huejotzingo,21074313310000034103000000u4 lavados nacionales 313310 data\raw\agebs\huejotzingo\inegi_denue_.shp inegi_denue_.shp agebs\huejotzingo denue,313310,lavados nacionales 21074313310000034103000000u4 lavados nacionales 313310 data raw agebs huejotzingo inegi denue shp inegi denue shp agebs huejotzingo denue 313310 lavado,lavado_deslavado,fabricacion_textil,,alta,alta,SCIAN 313310 | lavado_deslavado: lavado,lavado,scian_prefijo_313; texto_lavado_deslavado,True,False,True,False,False,False,False,False,False,True,,alta,muy_alta,proceso humedo o tratamiento y distancia <= 250 m a hidrografia; senal compatible con proceso humedo o tratamiento de prendas,incluir_prioritario,dentro_alcance_proyecto,,True,senal de proceso humedo o tratamiento; senal especifica de lavado/deslavado/lavanderia,False,True,senal compatible con proceso humedo o tratamiento de prendas; proceso humedo o tratamiento y distancia <= 250 m a hidrografia,True,False,True,False,False,False,False,False,True,True,True,False,False,False,False,LAVADOS NACIONALES Huejotzingo Puebla Google Maps,LAVADOS NACIONALES Huejotzingo Puebla lavado deslavado mezclilla jeans,,,,,,,
8089409,21074812210000441000000000U9,LAVANDERIA LONDRY CLOTHER,812210,19.16213214,-98.40508793,data\raw\agebs\huejotzingo\INEGI_DENUE_.shp,INEGI_DENUE_.shp,agebs\huejotzingo,denue,21074812210000441000000000u9 lavanderia londry clother 812210 data\raw\agebs\huejotzingo\inegi_denue_.shp inegi_denue_.shp agebs\huejotzingo denue,812210,lavanderia,alta_relevancia_ambiental,"Priorizacion preliminar por produccion, confeccion, maquila, acabado o lavado textil; se excluye comercio de prendas y no implica evidencia de contaminacion directa.",68.79651963515347,True,True,True,True,0-100 m,Huejotzingo,Huejotzingo,21074812210000441000000000u9 lavanderia londry clother 812210 data\raw\agebs\huejotzingo\inegi_denue_.shp inegi_denue_.shp agebs\huejotzingo denue,812210,lavanderia londry clother 21074812210000441000000000u9 lavanderia londry clother 812210 data raw agebs huejotzingo inegi denue shp inegi denue shp agebs huejotzingo denue 812210 lavanderia,lavanderia_industrial,,,alta,media,SCIAN 812210 | lavanderia_industrial: lavanderia,lavanderia,scian_812210; texto_lavanderia_industrial,True,False,True,False,False,False,False,False,False,True,,alta,muy_alta,proceso humedo o tratamiento y distancia <= 250 m a hidrografia; senal compatible con proceso humedo o tratamiento de prendas,incluir_prioritario,dentro_alcance_proyecto,,True,senal de proceso humedo o tratamiento; senal especifica de lavado/deslavado/lavanderia,False,True,senal compatible con proceso humedo o tratamiento de prendas; proceso humedo o tratamiento y distancia <= 250 m a hidrografia,True,False,True,False,False,False,False,False,True,True,True,False,False,False,False,LAVANDERIA LONDRY CLOTHER Huejotzingo Puebla Google Maps,LAVANDERIA LONDRY CLOTHER Huejotzingo Puebla lavanderia industrial textil prendas,,,,,,,
8089467,21074812210000461100000000U7,TINTORERIA SANTIAGO JACOBO,812210,19.16274612,-98.40769441,data\raw\agebs\huejotzingo\INEGI_DENUE_.shp,INEGI_DENUE_.shp,agebs\huejotzingo,denue,21074812210000461100000000u7 tintoreria santiago jacobo 812210 data\raw\agebs\huejotzingo\inegi_denue_.shp inegi_denue_.shp agebs\huejotzingo denue,812210,tintoreria,alta_relevancia_ambiental,"Priorizacion preliminar por produccion, confeccion, maquila, acabado o lavado textil; se excluye comercio de prendas y no implica evidencia de contaminacion directa.",739.1519498961986,False,False,False,True,500-1000 m,Huejotzingo,Huejotzingo,21074812210000461100000000u7 tintoreria santiago jacobo 812210 data\raw\agebs\huejotzingo\inegi_denue_.shp inegi_denue_.shp agebs\huejotzingo denue,812210,tintoreria santiago jacobo 21074812210000461100000000u7 tintoreria santiago jacobo 812210 data raw agebs huejotzingo inegi denue shp inegi denue shp agebs huejotzingo denue 812210 tintoreria,lavanderia_industrial,,,alta,alta,SCIAN 812210 | tenido_tintoreria: tintoreria,tintoreria,scian_812210; texto_tenido_tintoreria,True,False,False,True,False,False,False,False,False,False,,alta,alta,proceso humedo o tratamiento; senal compatible con proceso humedo o tratamiento de prendas,incluir_prioritario,dentro_alcance_proyecto,,True,senal de proceso humedo o tratamiento,False,True,senal compatible con proceso humedo o tratamiento de prendas; proceso humedo o tratamiento,True,False,False,True,False,False,False,False,False,True,False,False,False,False,False,TINTORERIA SANTIAGO JACOBO Huejotzingo Puebla Google Maps,TINTORERIA SANTIAGO JACOBO Huejotzingo Puebla lavanderia industrial textil prendas,,,,,,,
8089588,21074812210000481000000000U5,LAVANDERIA CONE ESPUMA,812210,19.16000823,-98.4093101,data\raw\agebs\huejotzingo\INEGI_DENUE_.shp,INEGI_DENUE_.shp,agebs\huejotzingo,denue,21074812210000481000000000u5 lavanderia cone espuma 812210 data\raw\agebs\huejotzingo\inegi_denue_.shp inegi_denue_.shp agebs\huejotzingo denue,812210,lavanderia,alta_relevancia_ambiental,"Priorizacion preliminar por produccion, confeccion, maquila, acabado o lavado textil; se excluye comercio de prendas y no implica evidencia de contaminacion directa.",100.35151564757052,False,True,True,True,100-250 m,Huejotzingo,Huejotzingo,21074812210000481000000000u5 lavanderia cone espuma 812210 data\raw\agebs\huejotzingo\inegi_denue_.shp inegi_denue_.shp agebs\huejotzingo denue,812210,lavanderia cone espuma 21074812210000481000000000u5 lavanderia cone espuma 812210 data raw agebs huejotzingo inegi denue shp inegi denue shp agebs huejotzingo denue 812210 lavanderia,lavanderia_industrial,,,alta,media,SCIAN 812210 | lavanderia_industrial: lavanderia,lavanderia,scian_812210; texto_lavanderia_industrial,True,False,True,False,False,False,False,False,False,True,,alta,muy_alta,proceso humedo o tratamiento y distancia <= 250 m a hidrografia; senal compatible con proceso humedo o tratamiento de prendas,incluir_prioritario,dentro_alcance_proyecto,,True,senal de proceso humedo o tratamiento; senal especifica de lavado/deslavado/lavanderia,False,True,senal compatible con proceso humedo o tratamiento de prendas; proceso humedo o tratamiento y distancia <= 250 m a hidrografia,True,False,True,False,False,False,False,False,True,True,True,False,False,False,False,LAVANDERIA CONE ESPUMA Huejotzingo Puebla Google Maps,LAVANDERIA CONE ESPUMA Huejotzingo Puebla lavanderia industrial textil prendas,,,,,,,
8121076,21074812210000511000000000U9,LAVANDERIA LUPITA,812210,19.1478766,-98.40352832,data\raw\agebs\huejotzingo\INEGI_DENUE_.shp,INEGI_DENUE_.shp,agebs\huejotzingo,denue,21074812210000511000000000u9 lavanderia lupita 812210 data\raw\agebs\huejotzingo\inegi_denue_.shp inegi_denue_.shp agebs\huejotzingo denue,812210,lavanderia,alta_relevancia_ambiental,"Priorizacion preliminar por produccion, confeccion, maquila, acabado o lavado textil; se excluye comercio de prendas y no implica evidencia de contaminacion directa.",472.10158692614095,False,False,True,True,250-500 m,Huejotzingo,Huejotzingo,21074812210000511000000000u9 lavanderia lupita 812210 data\raw\agebs\huejotzingo\inegi_denue_.shp inegi_denue_.shp agebs\huejotzingo denue,812210,lavanderia lupita 21074812210000511000000000u9 lavanderia lupita 812210 data raw agebs huejotzingo inegi denue shp inegi denue shp agebs huejotzingo denue 812210 lavanderia,lavanderia_industrial,,,alta,media,SCIAN 812210 | lavanderia_industrial: lavanderia,lavanderia,scian_812210; texto_lavanderia_industrial,True,False,True,False,False,False,False,False,False,False,,alta,alta,proceso humedo o tratamiento; senal compatible con proceso humedo o tratamiento de prendas,incluir_prioritario,dentro_alcance_proyecto,,True,senal de proceso humedo o tratamiento; senal especifica de lavado/deslavado/lavanderia,False,True,senal compatible con proceso humedo o tratamiento de prendas; proceso humedo o tratamiento,True,False,True,False,False,False,False,False,False,True,False,False,False,False,False,LAVANDERIA LUPITA Huejotzingo Puebla Google Maps,LAVANDERIA LUPITA Huejotzingo Puebla lavanderia industrial textil prendas,,,,,,,
8271822,21074812210000391000000000U6,LAVANDERIA HUEJOTZINGO,812210,19.16192653,-98.41208304,data\raw\agebs\huejotzingo\INEGI_DENUE_.shp,INEGI_DENUE_.shp,agebs\huejotzingo,denue,21074812210000391000000000u6 lavanderia huejotzingo 812210 data\raw\agebs\huejotzingo\inegi_denue_.shp inegi_denue_.shp agebs\huejotzingo denue,812210,lavanderia,alta_relevancia_ambiental,"Priorizacion preliminar por produccion, confeccion, maquila, acabado o lavado textil; se excluye comercio de prendas y no implica evidencia de contaminacion directa.",1138.2309815096196,False,False,False,False,>1000 m,Huejotzingo,Huejotzingo,21074812210000391000000000u6 lavanderia huejotzingo 812210 data\raw\agebs\huejotzingo\inegi_denue_.shp inegi_denue_.shp agebs\huejotzingo denue,812210,lavanderia huejotzingo 21074812210000391000000000u6 lavanderia huejotzingo 812210 data raw agebs huejotzingo inegi denue shp inegi denue shp agebs huejotzingo denue 812210 lavanderia,lavanderia_industrial,,,alta,media,SCIAN 812210 | lavanderia_industrial: lavanderia,lavanderia,scian_812210; texto_lavanderia_industrial,True,False,True,False,False,False,False,False,False,False,,alta,alta,proceso humedo o tratamiento; senal compatible con proceso humedo o tratamiento de prendas,incluir_prioritario,dentro_alcance_proyecto,,True,senal de proceso humedo o tratamiento; senal especifica de lavado/deslavado/lavanderia,False,True,senal compatible con proceso humedo o tratamiento de prendas; proceso humedo o tratamiento,True,False,True,False,False,False,False,False,False,True,False,False,False,False,False,LAVANDERIA HUEJOTZINGO Huejotzingo Puebla Google Maps,LAVANDERIA HUEJOTZINGO Huejotzingo Puebla lavanderia industrial textil prendas,,,,,,,
8776981,21074434219000021000000000U8,ACABADOS SANMIGUEL,434219,19.15576294,-98.40853873,data\raw\agebs\huejotzingo\INEGI_DENUE_.shp,INEGI_DENUE_.shp,agebs\huejotzingo,denue,21074434219000021000000000u8 acabados sanmiguel 434219 data\raw\agebs\huejotzingo\inegi_denue_.shp inegi_denue_.shp agebs\huejotzingo denue,434219,acabado,alta_relevancia_ambiental,"Priorizacion preliminar por produccion, confeccion, maquila, acabado o lavado textil; se excluye comercio de prendas y no implica evidencia de contaminacion directa.",475.1355243085252,False,False,True,True,250-500 m,Huejotzingo,Huejotzingo,21074434219000021000000000u8 acabados sanmiguel 434219 data\raw\agebs\huejotzingo\inegi_denue_.shp inegi_denue_.shp agebs\huejotzingo denue,434219,acabados sanmiguel 21074434219000021000000000u8 acabados sanmiguel 434219 data raw agebs huejotzingo inegi denue shp inegi denue shp agebs huejotzingo denue 434219 acabado,acabado_textil,,,alta,alta,acabado_tratamiento: acabado,acabado,texto_acabado_tratamiento,True,False,False,False,True,False,False,False,False,False,,alta,alta,proceso humedo o tratamiento; senal compatible con proceso humedo o tratamiento de prendas,incluir_prioritario,dentro_alcance_proyecto,,True,senal de proceso humedo o tratamiento,False,True,senal compatible con proceso humedo o tratamiento de prendas; proceso humedo o tratamiento,True,False,False,False,True,False,False,False,False,True,False,False,False,False,False,ACABADOS SANMIGUEL Huejotzingo Puebla Google Maps,ACABADOS SANMIGUEL Huejotzingo Puebla acabado textil tratamiento prendas,,,,,,,
8776988,21074812210000531000000000U7,LAVANDERIA LA BURBUJA,812210,19.15355451,-98.40708683,data\raw\agebs\huejotzingo\INEGI_DENUE_.shp,INEGI_DENUE_.shp,agebs\huejotzingo,denue,21074812210000531000000000u7 lavanderia la burbuja 812210 data\raw\agebs\huejotzingo\inegi_denue_.shp inegi_denue_.shp agebs\huejotzingo denue,812210,lavanderia,alta_relevancia_ambiental,"Priorizacion preliminar por produccion, confeccion, maquila, acabado o lavado textil; se excluye comercio de prendas y no implica evidencia de contaminacion directa.",130.87057749329674,False,True,True,True,100-250 m,Huejotzingo,Huejotzingo,21074812210000531000000000u7 lavanderia la burbuja 812210 data\raw\agebs\huejotzingo\inegi_denue_.shp inegi_denue_.shp agebs\huejotzingo denue,812210,lavanderia la burbuja 21074812210000531000000000u7 lavanderia la burbuja 812210 data raw agebs huejotzingo inegi denue shp inegi denue shp agebs huejotzingo denue 812210 lavanderia,lavanderia_industrial,,,alta,media,SCIAN 812210 | lavanderia_industrial: lavanderia,lavanderia,scian_812210; texto_lavanderia_industrial,True,False,True,False,False,False,False,False,False,True,,alta,muy_alta,proceso humedo o tratamiento y distancia <= 250 m a hidrografia; senal compatible con proceso humedo o tratamiento de prendas,incluir_prioritario,dentro_alcance_proyecto,,True,senal de proceso humedo o tratamiento; senal especifica de lavado/deslavado/lavanderia,False,True,senal compatible con proceso humedo o tratamiento de prendas; proceso humedo o tratamiento y distancia <= 250 m a hidrografia,True,False,True,False,False,False,False,False,True,True,True,False,False,False,False,LAVANDERIA LA BURBUJA Huejotzingo Puebla Google Maps,LAVANDERIA LA BURBUJA Huejotzingo Puebla lavanderia industrial textil prendas,,,,,,,
9492182,21074812210000691000000000U9,LAVANDERIA SIN NOMBRE,812210,19.14598604,-98.40430462,data\raw\agebs\huejotzingo\INEGI_DENUE_.shp,INEGI_DENUE_.shp,agebs\huejotzingo,denue,21074812210000691000000000u9 lavanderia sin nombre 812210 data\raw\agebs\huejotzingo\inegi_denue_.shp inegi_denue_.shp agebs\huejotzingo denue,812210,lavanderia,alta_relevancia_ambiental,"Priorizacion preliminar por produccion, confeccion, maquila, acabado o lavado textil; se excluye comercio de prendas y no implica evidencia de contaminacion directa.",791.6867830367438,False,False,False,True,500-1000 m,Huejotzingo,Huejotzingo,21074812210000691000000000u9 lavanderia sin nombre 812210 data\raw\agebs\huejotzingo\inegi_denue_.shp inegi_denue_.shp agebs\huejotzingo denue,812210,lavanderia sin nombre 21074812210000691000000000u9 lavanderia sin nombre 812210 data raw agebs huejotzingo inegi denue shp inegi denue shp agebs huejotzingo denue 812210 lavanderia,lavanderia_industrial,,,alta,media,SCIAN 812210 | lavanderia_industrial: lavanderia,lavanderia,scian_812210; texto_lavanderia_industrial,True,False,True,False,False,False,False,False,False,False,,alta,alta,proceso humedo o tratamiento; senal compatible con proceso humedo o tratamiento de prendas,incluir_prioritario,dentro_alcance_proyecto,,True,senal de proceso humedo o tratamiento; senal especifica de lavado/deslavado/lavanderia,False,True,senal compatible con proceso humedo o tratamiento de prendas; proceso humedo o tratamiento,True,False,True,False,False,False,False,False,False,True,False,False,False,False,False,LAVANDERIA SIN NOMBRE Huejotzingo Puebla Google Maps,LAVANDERIA SIN NOMBRE Huejotzingo Puebla lavanderia industrial textil prendas,,,,,,,
9522648,21074812210000591000000000U1,TINTOWASH,812210,19.16599298,-98.40553468,data\raw\agebs\huejotzingo\INEGI_DENUE_.shp,INEGI_DENUE_.shp,agebs\huejotzingo,denue,21074812210000591000000000u1 tintowash 812210 data\raw\agebs\huejotzingo\inegi_denue_.shp inegi_denue_.shp agebs\huejotzingo denue,812210,,revisar,"Priorizacion preliminar por produccion, confeccion, maquila, acabado o lavado textil; se excluye comercio de prendas y no implica evidencia de contaminacion directa.",105.14881671981743,False,True,True,True,100-250 m,Huejotzingo,Huejotzingo,21074812210000591000000000u1 tintowash 812210 data\raw\agebs\huejotzingo\inegi_denue_.shp inegi_denue_.shp agebs\huejotzingo denue,812210,tintowash 21074812210000591000000000u1 tintowash 812210 data raw agebs huejotzingo inegi denue shp inegi denue shp agebs huejotzingo denue 812210,lavanderia_industrial,,,alta,media,SCIAN 812210,,scian_812210,True,False,False,False,False,False,False,False,False,True,,alta,muy_alta,proceso humedo o tratamiento y distancia <= 250 m a hidrografia; senal compatible con proceso humedo o tratamiento de prendas,incluir_prioritario,dentro_alcance_proyecto,,True,senal de proceso humedo o tratamiento,False,True,senal compatible con proceso humedo o tratamiento de prendas; proceso humedo o tratamiento y distancia <= 250 m a hidrografia,True,False,False,False,False,False,False,False,True,True,True,False,False,False,False,TINTOWASH Huejotzingo Puebla Google Maps,TINTOWASH Huejotzingo Puebla lavanderia industrial textil prendas,,,,,,,
9714434,21074812210000851000000000U9,LAVANDERIA LA BURBUJA,812210,19.14213904,-98.41547117,data\raw\agebs\huejotzingo\INEGI_DENUE_.shp,INEGI_DENUE_.shp,agebs\huejotzingo,denue,21074812210000851000000000u9 lavanderia la burbuja 812210 data\raw\agebs\huejotzingo\inegi_denue_.shp inegi_denue_.shp agebs\huejotzingo denue,812210,lavanderia,alta_relevancia_ambiental,"Priorizacion preliminar por produccion, confeccion, maquila, acabado o lavado textil; se excluye comercio de prendas y no implica evidencia de contaminacion directa.",421.64454640528623,False,False,True,True,250-500 m,Huejotzingo,Huejotzingo,21074812210000851000000000u9 lavanderia la burbuja 812210 data\raw\agebs\huejotzingo\inegi_denue_.shp inegi_denue_.shp agebs\huejotzingo denue,812210,lavanderia la burbuja 21074812210000851000000000u9 lavanderia la burbuja 812210 data raw agebs huejotzingo inegi denue shp inegi denue shp agebs huejotzingo denue 812210 lavanderia,lavanderia_industrial,,,alta,media,SCIAN 812210 | lavanderia_industrial: lavanderia,lavanderia,scian_812210; texto_lavanderia_industrial,True,False,True,False,False,False,False,False,False,False,,alta,alta,proceso humedo o tratamiento; senal compatible con proceso humedo o tratamiento de prendas,incluir_prioritario,dentro_alcance_proyecto,,True,senal de proceso humedo o tratamiento; senal especifica de lavado/deslavado/lavanderia,False,True,senal compatible con proceso humedo o tratamiento de prendas; proceso humedo o tratamiento,True,False,True,False,False,False,False,False,False,True,False,False,False,False,False,LAVANDERIA LA BURBUJA Huejotzingo Puebla Google Maps,LAVANDERIA LA BURBUJA Huejotzingo Puebla lavanderia industrial textil prendas,,,,,,,
10042837,21074812210000581000000000U2,LAVANDERIA KARAMELOS,812210,19.14636816,-98.40382575,data\raw\agebs\huejotzingo\INEGI_DENUE_.shp,INEGI_DENUE_.shp,agebs\huejotzingo,denue,21074812210000581000000000u2 lavanderia karamelos 812210 data\raw\agebs\huejotzingo\inegi_denue_.shp inegi_denue_.shp agebs\huejotzingo denue,812210,lavanderia,alta_relevancia_ambiental,"Priorizacion preliminar por produccion, confeccion, maquila, acabado o lavado textil; se excluye comercio de prendas y no implica evidencia de contaminacion directa.",92.35093098643065,True,True,True,True,0-100 m,Huejotzingo,Huejotzingo,21074812210000581000000000u2 lavanderia karamelos 812210 data\raw\agebs\huejotzingo\inegi_denue_.shp inegi_denue_.shp agebs\huejotzingo denue,812210,lavanderia karamelos 21074812210000581000000000u2 lavanderia karamelos 812210 data raw agebs huejotzingo inegi denue shp inegi denue shp agebs huejotzingo denue 812210 lavanderia,lavanderia_industrial,,,alta,media,SCIAN 812210 | lavanderia_industrial: lavanderia,lavanderia,scian_812210; texto_lavanderia_industrial,True,False,True,False,False,False,False,False,False,True,,alta,muy_alta,proceso humedo o tratamiento y distancia <= 250 m a hidrografia; senal compatible con proceso humedo o tratamiento de prendas,incluir_prioritario,dentro_alcance_proyecto,,True,senal de proceso humedo o tratamiento; senal especifica de lavado/deslavado/lavanderia,False,True,senal compatible con proceso humedo o tratamiento de prendas; proceso humedo o tratamiento y distancia <= 250 m a hidrografia,True,False,True,False,False,False,False,False,True,True,True,False,False,False,False,LAVANDERIA KARAMELOS Huejotzingo Puebla Google Maps,LAVANDERIA KARAMELOS Huejotzingo Puebla lavanderia industrial textil prendas,,,,,,,
10152379,21074812210000871000000000U7,LAVANDERIA LA ESTRELLA,812210,19.15997503,-98.40013346,data\raw\agebs\huejotzingo\INEGI_DENUE_.shp,INEGI_DENUE_.shp,agebs\huejotzingo,denue,21074812210000871000000000u7 lavanderia la estrella 812210 data\raw\agebs\huejotzingo\inegi_denue_.shp inegi_denue_.shp agebs\huejotzingo denue,812210,lavanderia,alta_relevancia_ambiental,"Priorizacion preliminar por produccion, confeccion, maquila, acabado o lavado textil; se excluye comercio de prendas y no implica evidencia de contaminacion directa.",114.47266743672259,False,True,True,True,100-250 m,Huejotzingo,Huejotzingo,21074812210000871000000000u7 lavanderia la estrella 812210 data\raw\agebs\huejotzingo\inegi_denue_.shp inegi_denue_.shp agebs\huejotzingo denue,812210,lavanderia la estrella 21074812210000871000000000u7 lavanderia la estrella 812210 data raw agebs huejotzingo inegi denue shp inegi denue shp agebs huejotzingo denue 812210 lavanderia,lavanderia_industrial,,,alta,media,SCIAN 812210 | lavanderia_industrial: lavanderia,lavanderia,scian_812210; texto_lavanderia_industrial,True,False,True,False,False,False,False,False,False,True,,alta,muy_alta,proceso humedo o tratamiento y distancia <= 250 m a hidrografia; senal compatible con proceso humedo o tratamiento de prendas,incluir_prioritario,dentro_alcance_proyecto,,True,senal de proceso humedo o tratamiento; senal especifica de lavado/deslavado/lavanderia,False,True,senal compatible con proceso humedo o tratamiento de prendas; proceso humedo o tratamiento y distancia <= 250 m a hidrografia,True,False,True,False,False,False,False,False,True,True,True,False,False,False,False,LAVANDERIA LA ESTRELLA Huejotzingo Puebla Google Maps,LAVANDERIA LA ESTRELLA Huejotzingo Puebla lavanderia industrial textil prendas,,,,,,,
10324576,21074812210000711000000000U5,LAVANDERIA EL WASHANSWER,812210,19.17788025,-98.38711655,data\raw\agebs\huejotzingo\INEGI_DENUE_.shp,INEGI_DENUE_.shp,agebs\huejotzingo,denue,21074812210000711000000000u5 lavanderia el washanswer 812210 data\raw\agebs\huejotzingo\inegi_denue_.shp inegi_denue_.shp agebs\huejotzingo denue,812210,lavanderia,alta_relevancia_ambiental,"Priorizacion preliminar por produccion, confeccion, maquila, acabado o lavado textil; se excluye comercio de prendas y no implica evidencia de contaminacion directa.",332.4995818598682,False,False,True,True,250-500 m,Huejotzingo,Huejotzingo,21074812210000711000000000u5 lavanderia el washanswer 812210 data\raw\agebs\huejotzingo\inegi_denue_.shp inegi_denue_.shp agebs\huejotzingo denue,812210,lavanderia el washanswer 21074812210000711000000000u5 lavanderia el washanswer 812210 data raw agebs huejotzingo inegi denue shp inegi denue shp agebs huejotzingo denue 812210 lavanderia,lavanderia_industrial,,,alta,media,SCIAN 812210 | lavanderia_industrial: lavanderia,lavanderia,scian_812210; texto_lavanderia_industrial,True,False,True,False,False,False,False,False,False,False,,alta,alta,proceso humedo o tratamiento; senal compatible con proceso humedo o tratamiento de prendas,incluir_prioritario,dentro_alcance_proyecto,,True,senal de proceso humedo o tratamiento; senal especifica de lavado/deslavado/lavanderia,False,True,senal compatible con proceso humedo o tratamiento de prendas; proceso humedo o tratamiento,True,False,True,False,False,False,False,False,False,True,False,False,False,False,False,LAVANDERIA EL WASHANSWER Huejotzingo Puebla Google Maps,LAVANDERIA EL WASHANSWER Huejotzingo Puebla lavanderia industrial textil prendas,,,,,,,
10408987,21074812210000652000000000U1,LAVANDERIA TORRES,812210,19.16014431,-98.4175128,data\raw\agebs\huejotzingo\INEGI_DENUE_.shp,INEGI_DENUE_.shp,agebs\huejotzingo,denue,21074812210000652000000000u1 lavanderia torres 812210 data\raw\agebs\huejotzingo\inegi_denue_.shp inegi_denue_.shp agebs\huejotzingo denue,812210,lavanderia,alta_relevancia_ambiental,"Priorizacion preliminar por produccion, confeccion, maquila, acabado o lavado textil; se excluye comercio de prendas y no implica evidencia de contaminacion directa.",114.43163326312101,False,True,True,True,100-250 m,Huejotzingo,Huejotzingo,21074812210000652000000000u1 lavanderia torres 812210 data\raw\agebs\huejotzingo\inegi_denue_.shp inegi_denue_.shp agebs\huejotzingo denue,812210,lavanderia torres 21074812210000652000000000u1 lavanderia torres 812210 data raw agebs huejotzingo inegi denue shp inegi denue shp agebs huejotzingo denue 812210 lavanderia,lavanderia_industrial,,,alta,media,SCIAN 812210 | lavanderia_industrial: lavanderia,lavanderia,scian_812210; texto_lavanderia_industrial,True,False,True,False,False,False,False,False,False,True,,alta,muy_alta,proceso humedo o tratamiento y distancia <= 250 m a hidrografia; senal compatible con proceso humedo o tratamiento de prendas,incluir_prioritario,dentro_alcance_proyecto,,True,senal de proceso humedo o tratamiento; senal especifica de lavado/deslavado/lavanderia,False,True,senal compatible con proceso humedo o tratamiento de prendas; proceso humedo o tratamiento y distancia <= 250 m a hidrografia,True,False,True,False,False,False,False,False,True,True,True,False,False,False,False,LAVANDERIA TORRES Huejotzingo Puebla Google Maps,LAVANDERIA TORRES Huejotzingo Puebla lavanderia industrial textil prendas,,,,,,,
10664588,21074812210000821000000000U2,LAVANDERIA RAPIDIWASH,812210,19.15452388,-98.40785828,data\raw\agebs\huejotzingo\INEGI_DENUE_.shp,INEGI_DENUE_.shp,agebs\huejotzingo,denue,21074812210000821000000000u2 lavanderia rapidiwash 812210 data\raw\agebs\huejotzingo\inegi_denue_.shp inegi_denue_.shp agebs\huejotzingo denue,812210,lavanderia,alta_relevancia_ambiental,"Priorizacion preliminar por produccion, confeccion, maquila, acabado o lavado textil; se excluye comercio de prendas y no implica evidencia de contaminacion directa.",233.96537148112492,False,True,True,True,100-250 m,Huejotzingo,Huejotzingo,21074812210000821000000000u2 lavanderia rapidiwash 812210 data\raw\agebs\huejotzingo\inegi_denue_.shp inegi_denue_.shp agebs\huejotzingo denue,812210,lavanderia rapidiwash 21074812210000821000000000u2 lavanderia rapidiwash 812210 data raw agebs huejotzingo inegi denue shp inegi denue shp agebs huejotzingo denue 812210 lavanderia,lavanderia_industrial,,,alta,media,SCIAN 812210 | lavanderia_industrial: lavanderia,lavanderia,scian_812210; texto_lavanderia_industrial,True,False,True,False,False,False,False,False,False,True,,alta,muy_alta,proceso humedo o tratamiento y distancia <= 250 m a hidrografia; senal compatible con proceso humedo o tratamiento de prendas,incluir_prioritario,dentro_alcance_proyecto,,True,senal de proceso humedo o tratamiento; senal especifica de lavado/deslavado/lavanderia,False,True,senal compatible con proceso humedo o tratamiento de prendas; proceso humedo o tratamiento y distancia <= 250 m a hidrografia,True,False,True,False,False,False,False,False,True,True,True,False,False,False,False,LAVANDERIA RAPIDIWASH Huejotzingo Puebla Google Maps,LAVANDERIA RAPIDIWASH Huejotzingo Puebla lavanderia industrial textil prendas,,,,,,,
10732265,21074812210000831000000000U1,LAVANDERIA EXPRESES,812210,19.1524422,-98.40451301,data\raw\agebs\huejotzingo\INEGI_DENUE_.shp,INEGI_DENUE_.shp,agebs\huejotzingo,denue,21074812210000831000000000u1 lavanderia expreses 812210 data\raw\agebs\huejotzingo\inegi_denue_.shp inegi_denue_.shp agebs\huejotzingo denue,812210,lavanderia,alta_relevancia_ambiental,"Priorizacion preliminar por produccion, confeccion, maquila, acabado o lavado textil; se excluye comercio de prendas y no implica evidencia de contaminacion directa.",573.4306404307122,False,False,False,True,500-1000 m,Huejotzingo,Huejotzingo,21074812210000831000000000u1 lavanderia expreses 812210 data\raw\agebs\huejotzingo\inegi_denue_.shp inegi_denue_.shp agebs\huejotzingo denue,812210,lavanderia expreses 21074812210000831000000000u1 lavanderia expreses 812210 data raw agebs huejotzingo inegi denue shp inegi denue shp agebs huejotzingo denue 812210 lavanderia,lavanderia_industrial,,,alta,media,SCIAN 812210 | lavanderia_industrial: lavanderia,lavanderia,scian_812210; texto_lavanderia_industrial,True,False,True,False,False,False,False,False,False,False,,alta,alta,proceso humedo o tratamiento; senal compatible con proceso humedo o tratamiento de prendas,incluir_prioritario,dentro_alcance_proyecto,,True,senal de proceso humedo o tratamiento; senal especifica de lavado/deslavado/lavanderia,False,True,senal compatible con proceso humedo o tratamiento de prendas; proceso humedo o tratamiento,True,False,True,False,False,False,False,False,False,True,False,False,False,False,False,LAVANDERIA EXPRESES Huejotzingo Puebla Google Maps,LAVANDERIA EXPRESES Huejotzingo Puebla lavanderia industrial textil prendas,,,,,,,
10747145,21074812210000631000000000U5,LAVANDERIA H2A,812210,19.17690021,-98.38158466,data\raw\agebs\huejotzingo\INEGI_DENUE_.shp,INEGI_DENUE_.shp,agebs\huejotzingo,denue,21074812210000631000000000u5 lavanderia h2a 812210 data\raw\agebs\huejotzingo\inegi_denue_.shp inegi_denue_.shp agebs\huejotzingo denue,812210,lavanderia,alta_relevancia_ambiental,"Priorizacion preliminar por produccion, confeccion, maquila, acabado o lavado textil; se excluye comercio de prendas y no implica evidencia de contaminacion directa.",724.5191268486911,False,False,False,True,500-1000 m,Huejotzingo,Huejotzingo,21074812210000631000000000u5 lavanderia h2a 812210 data\raw\agebs\huejotzingo\inegi_denue_.shp inegi_denue_.shp agebs\huejotzingo denue,812210,lavanderia h2a 21074812210000631000000000u5 lavanderia h2a 812210 data raw agebs huejotzingo inegi denue shp inegi denue shp agebs huejotzingo denue 812210 lavanderia,lavanderia_industrial,,,alta,media,SCIAN 812210 | lavanderia_industrial: lavanderia,lavanderia,scian_812210; texto_lavanderia_industrial,True,False,True,False,False,False,False,False,False,False,,alta,alta,proceso humedo o tratamiento; senal compatible con proceso humedo o tratamiento de prendas,incluir_prioritario,dentro_alcance_proyecto,,True,senal de proceso humedo o tratamiento; senal especifica de lavado/deslavado/lavanderia,False,True,senal compatible con proceso humedo o tratamiento de prendas; proceso humedo o tratamiento,True,False,True,False,False,False,False,False,False,True,False,False,False,False,False,LAVANDERIA H2A Huejotzingo Puebla Google Maps,LAVANDERIA H2A Huejotzingo Puebla lavanderia industrial textil prendas,,,,,,,
10772217,21074812210000761000000000U0,LAVANDERIA SAN MIGUELITO,812210,19.16578262,-98.41156165,data\raw\agebs\huejotzingo\INEGI_DENUE_.shp,INEGI_DENUE_.shp,agebs\huejotzingo,denue,21074812210000761000000000u0 lavanderia san miguelito 812210 data\raw\agebs\huejotzingo\inegi_denue_.shp inegi_denue_.shp agebs\huejotzingo denue,812210,lavanderia,alta_relevancia_ambiental,"Priorizacion preliminar por produccion, confeccion, maquila, acabado o lavado textil; se excluye comercio de prendas y no implica evidencia de contaminacion directa.",997.1420912353991,False,False,False,True,500-1000 m,Huejotzingo,Huejotzingo,21074812210000761000000000u0 lavanderia san miguelito 812210 data\raw\agebs\huejotzingo\inegi_denue_.shp inegi_denue_.shp agebs\huejotzingo denue,812210,lavanderia san miguelito 21074812210000761000000000u0 lavanderia san miguelito 812210 data raw agebs huejotzingo inegi denue shp inegi denue shp agebs huejotzingo denue 812210 lavanderia,lavanderia_industrial,,,alta,media,SCIAN 812210 | lavanderia_industrial: lavanderia,lavanderia,scian_812210; texto_lavanderia_industrial,True,False,True,False,False,False,False,False,False,False,,alta,alta,proceso humedo o tratamiento; senal compatible con proceso humedo o tratamiento de prendas,incluir_prioritario,dentro_alcance_proyecto,,True,senal de proceso humedo o tratamiento; senal especifica de lavado/deslavado/lavanderia,False,True,senal compatible con proceso humedo o tratamiento de prendas; proceso humedo o tratamiento,True,False,True,False,False,False,False,False,False,True,False,False,False,False,False,LAVANDERIA SAN MIGUELITO Huejotzingo Puebla Google Maps,LAVANDERIA SAN MIGUELITO Huejotzingo Puebla lavanderia industrial textil prendas,,,,,,,
10816501,21074812210000621000000000U6,LAVANDERIA LA BURBUJA LOCA,812210,19.15965814,-98.41232509,data\raw\agebs\huejotzingo\INEGI_DENUE_.shp,INEGI_DENUE_.shp,agebs\huejotzingo,denue,21074812210000621000000000u6 lavanderia la burbuja loca 812210 data\raw\agebs\huejotzingo\inegi_denue_.shp inegi_denue_.shp agebs\huejotzingo denue,812210,lavanderia,alta_relevancia_ambiental,"Priorizacion preliminar por produccion, confeccion, maquila, acabado o lavado textil; se excluye comercio de prendas y no implica evidencia de contaminacion directa.",36.71421014825283,True,True,True,True,0-100 m,Huejotzingo,Huejotzingo,21074812210000621000000000u6 lavanderia la burbuja loca 812210 data\raw\agebs\huejotzingo\inegi_denue_.shp inegi_denue_.shp agebs\huejotzingo denue,812210,lavanderia la burbuja loca 21074812210000621000000000u6 lavanderia la burbuja loca 812210 data raw agebs huejotzingo inegi denue shp inegi denue shp agebs huejotzingo denue 812210 lavanderia,lavanderia_industrial,,,alta,media,SCIAN 812210 | lavanderia_industrial: lavanderia,lavanderia,scian_812210; texto_lavanderia_industrial,True,False,True,False,False,False,False,False,False,True,,alta,muy_alta,proceso humedo o tratamiento y distancia <= 250 m a hidrografia; senal compatible con proceso humedo o tratamiento de prendas,incluir_prioritario,dentro_alcance_proyecto,,True,senal de proceso humedo o tratamiento; senal especifica de lavado/deslavado/lavanderia,False,True,senal compatible con proceso humedo o tratamiento de prendas; proceso humedo o tratamiento y distancia <= 250 m a hidrografia,True,False,True,False,False,False,False,False,True,True,True,False,False,False,False,LAVANDERIA LA BURBUJA LOCA Huejotzingo Puebla Google Maps,LAVANDERIA LA BURBUJA LOCA Huejotzingo Puebla lavanderia industrial textil prendas,,,,,,,
10978442,21074812210000741000000000U2,MAGIC WASH SERVICIOS,812210,19.14958454,-98.40537115,data\raw\agebs\huejotzingo\INEGI_DENUE_.shp,INEGI_DENUE_.shp,agebs\huejotzingo,denue,21074812210000741000000000u2 magic wash servicios 812210 data\raw\agebs\huejotzingo\inegi_denue_.shp inegi_denue_.shp agebs\huejotzingo denue,812210,,revisar,"Priorizacion preliminar por produccion, confeccion, maquila, acabado o lavado textil; se excluye comercio de prendas y no implica evidencia de contaminacion directa.",754.4336315324291,False,False,False,True,500-1000 m,Huejotzingo,Huejotzingo,21074812210000741000000000u2 magic wash servicios 812210 data\raw\agebs\huejotzingo\inegi_denue_.shp inegi_denue_.shp agebs\huejotzingo denue,812210,magic wash servicios 21074812210000741000000000u2 magic wash servicios 812210 data raw agebs huejotzingo inegi denue shp inegi denue shp agebs huejotzingo denue 812210,lavanderia_industrial,,,alta,media,SCIAN 812210,,scian_812210,True,False,False,False,False,False,False,False,False,False,,alta,alta,proceso humedo o tratamiento; senal compatible con proceso humedo o tratamiento de prendas,incluir_prioritario,dentro_alcance_proyecto,,True,senal de proceso humedo o tratamiento,False,True,senal compatible con proceso humedo o tratamiento de prendas; proceso humedo o tratamiento,True,False,False,False,False,False,False,False,False,True,False,False,False,False,False,MAGIC WASH SERVICIOS Huejotzingo Puebla Google Maps,MAGIC WASH SERVICIOS Huejotzingo Puebla lavanderia industrial textil prendas,,,,,,,
11032714,21074312112000281000000000U2,LAVADO DE BOTELLAS,312112,19.1642243,-98.40431708,data\raw\agebs\huejotzingo\INEGI_DENUE_.shp,INEGI_DENUE_.shp,agebs\huejotzingo,denue,21074312112000281000000000u2 lavado de botellas 312112 data\raw\agebs\huejotzingo\inegi_denue_.shp inegi_denue_.shp agebs\huejotzingo denue,312112,lavado,alta_relevancia_ambiental,"Priorizacion preliminar por produccion, confeccion, maquila, acabado o lavado textil; se excluye comercio de prendas y no implica evidencia de contaminacion directa.",160.54712001055805,False,True,True,True,100-250 m,Huejotzingo,Huejotzingo,21074312112000281000000000u2 lavado de botellas 312112 data\raw\agebs\huejotzingo\inegi_denue_.shp inegi_denue_.shp agebs\huejotzingo denue,312112,lavado de botellas 21074312112000281000000000u2 lavado de botellas 312112 data raw agebs huejotzingo inegi denue shp inegi denue shp agebs huejotzingo denue 312112 lavado,lavado_deslavado,,,alta,alta,lavado_deslavado: lavado,lavado,texto_lavado_deslavado,True,False,True,False,False,False,False,False,False,True,,alta,muy_alta,proceso humedo o tratamiento y distancia <= 250 m a hidrografia; senal compatible con proceso humedo o tratamiento de prendas,incluir_prioritario,dentro_alcance_proyecto,,True,senal de proceso humedo o tratamiento; senal especifica de lavado/deslavado/lavanderia,False,True,senal compatible con proceso humedo o tratamiento de prendas; proceso humedo o tratamiento y distancia <= 250 m a hidrografia,True,False,True,False,False,False,False,False,True,True,True,False,False,False,False,LAVADO DE BOTELLAS Huejotzingo Puebla Google Maps,LAVADO DE BOTELLAS Huejotzingo Puebla lavado deslavado mezclilla jeans,,,,,,,
11194114,21074812210000891000000000U5,ATM LAVANDERIA,812210,19.17568428,-98.38347777,data\raw\agebs\huejotzingo\INEGI_DENUE_.shp,INEGI_DENUE_.shp,agebs\huejotzingo,denue,21074812210000891000000000u5 atm lavanderia 812210 data\raw\agebs\huejotzingo\inegi_denue_.shp inegi_denue_.shp agebs\huejotzingo denue,812210,lavanderia,alta_relevancia_ambiental,"Priorizacion preliminar por produccion, confeccion, maquila, acabado o lavado textil; se excluye comercio de prendas y no implica evidencia de contaminacion directa.",478.43580887451094,False,False,True,True,250-500 m,Huejotzingo,Huejotzingo,21074812210000891000000000u5 atm lavanderia 812210 data\raw\agebs\huejotzingo\inegi_denue_.shp inegi_denue_.shp agebs\huejotzingo denue,812210,atm lavanderia 21074812210000891000000000u5 atm lavanderia 812210 data raw agebs huejotzingo inegi denue shp inegi denue shp agebs huejotzingo denue 812210 lavanderia,lavanderia_industrial,,,alta,media,SCIAN 812210 | lavanderia_industrial: lavanderia,lavanderia,scian_812210; texto_lavanderia_industrial,True,False,True,False,False,False,False,False,False,False,,alta,alta,proceso humedo o tratamiento; senal compatible con proceso humedo o tratamiento de prendas,incluir_prioritario,dentro_alcance_proyecto,,True,senal de proceso humedo o tratamiento; senal especifica de lavado/deslavado/lavanderia,False,True,senal compatible con proceso humedo o tratamiento de prendas; proceso humedo o tratamiento,True,False,True,False,False,False,False,False,False,True,False,False,False,False,False,ATM LAVANDERIA Huejotzingo Puebla Google Maps,ATM LAVANDERIA Huejotzingo Puebla lavanderia industrial textil prendas,,,,,,,
11341938,21074812210000661000000000U2,LAVANDERIA KLING,812210,19.17471765,-98.3880594,data\raw\agebs\huejotzingo\INEGI_DENUE_.shp,INEGI_DENUE_.shp,agebs\huejotzingo,denue,21074812210000661000000000u2 lavanderia kling 812210 data\raw\agebs\huejotzingo\inegi_denue_.shp inegi_denue_.shp agebs\huejotzingo denue,812210,lavanderia,alta_relevancia_ambiental,"Priorizacion preliminar por produccion, confeccion, maquila, acabado o lavado textil; se excluye comercio de prendas y no implica evidencia de contaminacion directa.",80.64136624894363,True,True,True,True,0-100 m,Huejotzingo,Huejotzingo,21074812210000661000000000u2 lavanderia kling 812210 data\raw\agebs\huejotzingo\inegi_denue_.shp inegi_denue_.shp agebs\huejotzingo denue,812210,lavanderia kling 21074812210000661000000000u2 lavanderia kling 812210 data raw agebs huejotzingo inegi denue shp inegi denue shp agebs huejotzingo denue 812210 lavanderia,lavanderia_industrial,,,alta,media,SCIAN 812210 | lavanderia_industrial: lavanderia,lavanderia,scian_812210; texto_lavanderia_industrial,True,False,True,False,False,False,False,False,False,True,,alta,muy_alta,proceso humedo o tratamiento y distancia <= 250 m a hidrografia; senal compatible con proceso humedo o tratamiento de prendas,incluir_prioritario,dentro_alcance_proyecto,,True,senal de proceso humedo o tratamiento; senal especifica de lavado/deslavado/lavanderia,False,True,senal compatible con proceso humedo o tratamiento de prendas; proceso humedo o tratamiento y distancia <= 250 m a hidrografia,True,False,True,False,False,False,False,False,True,True,True,False,False,False,False,LAVANDERIA KLING Huejotzingo Puebla Google Maps,LAVANDERIA KLING Huejotzingo Puebla lavanderia industrial textil prendas,,,,,,,
11495272,21074812210000881000000000U6,LAVANDERIA EASY WASH,812210,19.1634221,-98.40752147,data\raw\agebs\huejotzingo\INEGI_DENUE_.shp,INEGI_DENUE_.shp,agebs\huejotzingo,denue,21074812210000881000000000u6 lavanderia easy wash 812210 data\raw\agebs\huejotzingo\inegi_denue_.shp inegi_denue_.shp agebs\huejotzingo denue,812210,lavanderia,alta_relevancia_ambiental,"Priorizacion preliminar por produccion, confeccion, maquila, acabado o lavado textil; se excluye comercio de prendas y no implica evidencia de contaminacion directa.",239.68415433557706,False,True,True,True,100-250 m,Huejotzingo,Huejotzingo,21074812210000881000000000u6 lavanderia easy wash 812210 data\raw\agebs\huejotzingo\inegi_denue_.shp inegi_denue_.shp agebs\huejotzingo denue,812210,lavanderia easy wash 21074812210000881000000000u6 lavanderia easy wash 812210 data raw agebs huejotzingo inegi denue shp inegi denue shp agebs huejotzingo denue 812210 lavanderia,lavanderia_industrial,,,alta,media,SCIAN 812210 | lavanderia_industrial: lavanderia,lavanderia,scian_812210; texto_lavanderia_industrial,True,False,True,False,False,False,False,False,False,True,,alta,muy_alta,proceso humedo o tratamiento y distancia <= 250 m a hidrografia; senal compatible con proceso humedo o tratamiento de prendas,incluir_prioritario,dentro_alcance_proyecto,,True,senal de proceso humedo o tratamiento; senal especifica de lavado/deslavado/lavanderia,False,True,senal compatible con proceso humedo o tratamiento de prendas; proceso humedo o tratamiento y distancia <= 250 m a hidrografia,True,False,True,False,False,False,False,False,True,True,True,False,False,False,False,LAVANDERIA EASY WASH Huejotzingo Puebla Google Maps,LAVANDERIA EASY WASH Huejotzingo Puebla lavanderia industrial textil prendas,,,,,,,
11499902,21074812210000611000000000U7,LAVANDERIA ATENDERTE ES UN PLACER,812210,19.15194958,-98.40893172,data\raw\agebs\huejotzingo\INEGI_DENUE_.shp,INEGI_DENUE_.shp,agebs\huejotzingo,denue,21074812210000611000000000u7 lavanderia atenderte es un placer 812210 data\raw\agebs\huejotzingo\inegi_denue_.shp inegi_denue_.shp agebs\huejotzingo denue,812210,lavanderia,alta_relevancia_ambiental,"Priorizacion preliminar por produccion, confeccion, maquila, acabado o lavado textil; se excluye comercio de prendas y no implica evidencia de contaminacion directa.",46.27071678612237,True,True,True,True,0-100 m,Huejotzingo,Huejotzingo,21074812210000611000000000u7 lavanderia atenderte es un placer 812210 data\raw\agebs\huejotzingo\inegi_denue_.shp inegi_denue_.shp agebs\huejotzingo denue,812210,lavanderia atenderte es un placer 21074812210000611000000000u7 lavanderia atenderte es un placer 812210 data raw agebs huejotzingo inegi denue shp inegi denue shp agebs huejotzingo denue 812210 lavanderia,lavanderia_industrial,,,alta,media,SCIAN 812210 | lavanderia_industrial: lavanderia,lavanderia,scian_812210; texto_lavanderia_industrial,True,False,True,False,False,False,False,False,False,True,,alta,muy_alta,proceso humedo o tratamiento y distancia <= 250 m a hidrografia; senal compatible con proceso humedo o tratamiento de prendas,incluir_prioritario,dentro_alcance_proyecto,,True,senal de proceso humedo o tratamiento; senal especifica de lavado/deslavado/lavanderia,False,True,senal compatible con proceso humedo o tratamiento de prendas; proceso humedo o tratamiento y distancia <= 250 m a hidrografia,True,False,True,False,False,False,False,False,True,True,True,False,False,False,False,LAVANDERIA ATENDERTE ES UN PLACER Huejotzingo Puebla Google Maps,LAVANDERIA ATENDERTE ES UN PLACER Huejotzingo Puebla lavanderia industrial textil prendas,,,,,,,
11580049,21074812210000901000000000U2,LAVANDERIA PLANCHADO Y TINTORERIA BUDY 24,812210,19.16172427,-98.40434779,data\raw\agebs\huejotzingo\INEGI_DENUE_.shp,INEGI_DENUE_.shp,agebs\huejotzingo,denue,21074812210000901000000000u2 lavanderia planchado y tintoreria budy 24 812210 data\raw\agebs\huejotzingo\inegi_denue_.shp inegi_denue_.shp agebs\huejotzingo denue,812210,lavanderia; tintoreria,alta_relevancia_ambiental,"Priorizacion preliminar por produccion, confeccion, maquila, acabado o lavado textil; se excluye comercio de prendas y no implica evidencia de contaminacion directa.",17.606644656624738,True,True,True,True,0-100 m,Huejotzingo,Huejotzingo,21074812210000901000000000u2 lavanderia planchado y tintoreria budy 24 812210 data\raw\agebs\huejotzingo\inegi_denue_.shp inegi_denue_.shp agebs\huejotzingo denue,812210,lavanderia planchado y tintoreria budy 24 21074812210000901000000000u2 lavanderia planchado y tintoreria budy 24 812210 data raw agebs huejotzingo inegi denue shp inegi denue shp agebs huejotzingo denue 812210 lavanderia tintoreria,lavanderia_industrial,,,alta,alta,SCIAN 812210 | lavanderia_industrial: lavanderia | tenido_tintoreria: tintoreria,lavanderia; tintoreria,scian_812210; texto_lavanderia_industrial; texto_tenido_tintoreria,True,False,True,True,False,False,False,False,False,True,,alta,muy_alta,proceso humedo o tratamiento y distancia <= 250 m a hidrografia; senal compatible con proceso humedo o tratamiento de prendas,incluir_prioritario,dentro_alcance_proyecto,,True,senal de proceso humedo o tratamiento; senal especifica de lavado/deslavado/lavanderia,False,True,senal compatible con proceso humedo o tratamiento de prendas; proceso humedo o tratamiento y distancia <= 250 m a hidrografia,True,False,True,True,False,False,False,False,True,True,True,False,False,False,False,LAVANDERIA PLANCHADO Y TINTORERIA BUDY 24 Huejotzingo Puebla Google Maps,LAVANDERIA PLANCHADO Y TINTORERIA BUDY 24 Huejotzingo Puebla lavanderia industrial textil prendas,,,,,,,
11684425,21074812210000701000000000U6,LAVANDERIA,812210,19.16136267,-98.40656672,data\raw\agebs\huejotzingo\INEGI_DENUE_.shp,INEGI_DENUE_.shp,agebs\huejotzingo,denue,21074812210000701000000000u6 lavanderia 812210 data\raw\agebs\huejotzingo\inegi_denue_.shp inegi_denue_.shp agebs\huejotzingo denue,812210,lavanderia,alta_relevancia_ambiental,"Priorizacion preliminar por produccion, confeccion, maquila, acabado o lavado textil; se excluye comercio de prendas y no implica evidencia de contaminacion directa.",541.6830187665789,False,False,False,True,500-1000 m,Huejotzingo,Huejotzingo,21074812210000701000000000u6 lavanderia 812210 data\raw\agebs\huejotzingo\inegi_denue_.shp inegi_denue_.shp agebs\huejotzingo denue,812210,lavanderia 21074812210000701000000000u6 lavanderia 812210 data raw agebs huejotzingo inegi denue shp inegi denue shp agebs huejotzingo denue 812210 lavanderia,lavanderia_industrial,,,alta,media,SCIAN 812210 | lavanderia_industrial: lavanderia,lavanderia,scian_812210; texto_lavanderia_industrial,True,False,True,False,False,False,False,False,False,False,,alta,alta,proceso humedo o tratamiento; senal compatible con proceso humedo o tratamiento de prendas,incluir_prioritario,dentro_alcance_proyecto,,True,senal de proceso humedo o tratamiento; senal especifica de lavado/deslavado/lavanderia,False,True,senal compatible con proceso humedo o tratamiento de prendas; proceso humedo o tratamiento,True,False,True,False,False,False,False,False,False,True,False,False,False,False,False,LAVANDERIA Huejotzingo Puebla Google Maps,LAVANDERIA Huejotzingo Puebla lavanderia industrial textil prendas,,,,,,,
